Area;Year;Precipitation (mm) ;AVERAGE PRECIPITATION
Albania;1961;"975,68";12987771875
Albania;1962;"1577,16";12987771875
Albania;1963;"1733,86";12987771875
Albania;1964;"1408,25";12987771875
Albania;1965;1247;12987771875
Albania;1966;"1684,72";12987771875
Albania;1967;"1146,8";12987771875
Albania;1968;"1351,43";12987771875
Albania;1969;"1509,93";12987771875
Albania;1970;"1626,97";12987771875
Albania;1971;"1345,9";12987771875
Albania;1972;"1538,19";12987771875
Albania;1973;"1375,23";12987771875
Albania;1974;"1457,32";12987771875
Albania;1975;"1003,51";12987771875
Albania;1976;"1427,29";12987771875
Albania;1977;"1144,44";12987771875
Albania;1978;"1487,02";12987771875
Albania;1979;"1628,17";12987771875
Albania;1980;"1512,04";12987771875
Albania;1981;"1467,82";12987771875
Albania;1982;"1012,84";12987771875
Albania;1983;"1038,94";12987771875
Albania;1984;"1104,86";12987771875
Albania;1985;"1289,3";12987771875
Albania;1986;"1228,42";12987771875
Albania;1987;"1260,86";12987771875
Albania;1988;"1079,23";12987771875
Albania;1989;"1084,9";12987771875
Albania;1990;"963,9";12987771875
Albania;1991;"1156,29";12987771875
Albania;1992;"1003,07";12987771875
Albania;1993;"1091,24";12987771875
Albania;1994;"933,5";12987771875
Albania;1995;"1414,03";12987771875
Albania;1996;"1504,49";12987771875
Albania;1997;"976,48";12987771875
Albania;1998;"1264,4";12987771875
Albania;1999;"1309,07";12987771875
Albania;2000;"990,37";12987771875
Albania;2001;"1177,74";12987771875
Albania;2002;"1261,45";12987771875
Albania;2003;"1185,77";12987771875
Albania;2004;"1511,65";12987771875
Albania;2005;"1496,67";12987771875
Albania;2006;"1101,81";12987771875
Albania;2007;"1087,14";12987771875
Albania;2008;"1113,24";12987771875
Albania;2009;"1523,05";12987771875
Albania;2010;"1920,28";12987771875
Albania;2011;"864,09";12987771875
Albania;2012;"1377,37";12987771875
Albania;2013;"1401,91";12987771875
Albania;2014;"1399,04";12987771875
Albania;2015;"1163,76";12987771875
Albania;2016;"1553,45";12987771875
Albania;2017;"1169,29";12987771875
Albania;2018;"1541,76";12987771875
Albania;2019;"1268,55";12987771875
Albania;2020;"1154,18";12987771875
Albania;2021;"1568,25";12987771875
Albania;2022;"1237,01";12987771875
Albania;2023;"1455,63";12987771875
Austria;1961;"1115,71";12252228125
Austria;1962;"1155,06";12252228125
Austria;1963;"1111,39";12252228125
Austria;1964;"1253,71";12252228125
Austria;1965;"1412,51";12252228125
Austria;1966;"1454,49";12252228125
Austria;1967;"1201,45";12252228125
Austria;1968;"1145,39";12252228125
Austria;1969;"1127,89";12252228125
Austria;1970;"1338,17";12252228125
Austria;1971;"1000,01";12252228125
Austria;1972;"1233,92";12252228125
Austria;1973;"1189,07";12252228125
Austria;1974;"1276,99";12252228125
Austria;1975;"1201,76";12252228125
Austria;1976;"1127,45";12252228125
Austria;1977;"1110,07";12252228125
Austria;1978;"1102,6";12252228125
Austria;1979;"1335,95";12252228125
Austria;1980;"1280,01";12252228125
Austria;1981;"1275,5";12252228125
Austria;1982;"1158,23";12252228125
Austria;1983;"1101,89";12252228125
Austria;1984;"1089,86";12252228125
Austria;1985;"1220,55";12252228125
Austria;1986;"1121,9";12252228125
Austria;1987;"1304,77";12252228125
Austria;1988;"1242,9";12252228125
Austria;1989;"1144,42";12252228125
Austria;1990;"1157,9";12252228125
Austria;1991;"1199,13";12252228125
Austria;1992;"1133,58";12252228125
Austria;1993;"1152,69";12252228125
Austria;1994;"1122,31";12252228125
Austria;1995;"1291,72";12252228125
Austria;1996;"1311,22";12252228125
Austria;1997;"1231,96";12252228125
Austria;1998;"1267,48";12252228125
Austria;1999;"1340,19";12252228125
Austria;2000;"1272,27";12252228125
Austria;2001;"1232,32";12252228125
Austria;2002;"1342,63";12252228125
Austria;2003;"964,57";12252228125
Austria;2004;"1229,05";12252228125
Austria;2005;"1281,78";12252228125
Austria;2006;"1150,5";12252228125
Austria;2007;"1280,09";12252228125
Austria;2008;"1247,38";12252228125
Austria;2009;"1363,9";12252228125
Austria;2010;"1307,51";12252228125
Austria;2011;"1027,27";12252228125
Austria;2012;"1290,5";12252228125
Austria;2013;"1325,07";12252228125
Austria;2014;"1376,07";12252228125
Austria;2015;"1077,08";12252228125
Austria;2016;"1339,69";12252228125
Austria;2017;"1245,25";12252228125
Austria;2018;"1193,46";12252228125
Austria;2019;"1281,65";12252228125
Austria;2020;"1298,87";12252228125
Austria;2021;"1247,98";12252228125
Austria;2022;"1196,15";12252228125
Austria;2023;"1444,83";12252228125
Belarus;1992;"696,4";"7,31221E+15"
Belarus;1993;"781,26";"7,31221E+15"
Belarus;1994;"753,23";"7,31221E+15"
Belarus;1995;"702,48";"7,31221E+15"
Belarus;1996;"662,5";"7,31221E+15"
Belarus;1997;"776,3";"7,31221E+15"
Belarus;1998;"928,36";"7,31221E+15"
Belarus;1999;"646,2";"7,31221E+15"
Belarus;2000;"726,59";"7,31221E+15"
Belarus;2001;"718,88";"7,31221E+15"
Belarus;2002;"619,95";"7,31221E+15"
Belarus;2003;"685,13";"7,31221E+15"
Belarus;2004;"757,02";"7,31221E+15"
Belarus;2005;"699,81";"7,31221E+15"
Belarus;2006;"701,58";"7,31221E+15"
Belarus;2007;"706,02";"7,31221E+15"
Belarus;2008;"767,8";"7,31221E+15"
Belarus;2009;"836,02";"7,31221E+15"
Belarus;2010;"794,09";"7,31221E+15"
Belarus;2011;"635,63";"7,31221E+15"
Belarus;2012;"845,26";"7,31221E+15"
Belarus;2013;"719,68";"7,31221E+15"
Belarus;2014;"625,2";"7,31221E+15"
Belarus;2015;"590,99";"7,31221E+15"
Belarus;2016;"790,97";"7,31221E+15"
Belarus;2017;"849,21";"7,31221E+15"
Belarus;2018;"639,25";"7,31221E+15"
Belarus;2019;"644,47";"7,31221E+15"
Belarus;2020;"723,87";"7,31221E+15"
Belarus;2021;"790,69";"7,31221E+15"
Belarus;2022;"823,98";"7,31221E+15"
Belarus;2023;"789,8";"7,31221E+15"
Belgium;2000;"1060,77";9232292
Belgium;2001;"1084,48";9232292
Belgium;2002;"1025,69";9232292
Belgium;2003;"723,7";9232292
Belgium;2004;"848,51";9232292
Belgium;2005;"789,89";9232292
Belgium;2006;"913,99";9232292
Belgium;2007;"985,35";9232292
Belgium;2008;"940,14";9232292
Belgium;2009;"867,7";9232292
Belgium;2010;"913,06";9232292
Belgium;2011;"792,13";9232292
Belgium;2012;"989,25";9232292
Belgium;2013;"859,39";9232292
Belgium;2014;"930,93";9232292
Belgium;2015;"829,67";9232292
Belgium;2016;"929,63";9232292
Belgium;2017;"864,43";9232292
Belgium;2018;"774,38";9232292
Belgium;2019;"911,97";9232292
Belgium;2020;"857,12";9232292
Belgium;2021;"1101,73";9232292
Belgium;2022;"860,55";9232292
Belgium;2023;"1097,77";9232292
Bulgaria;1961;"725,52";7729203125
Bulgaria;1962;"722,49";7729203125
Bulgaria;1963;"832,27";7729203125
Bulgaria;1964;"830,36";7729203125
Bulgaria;1965;"712,46";7729203125
Bulgaria;1966;"987,08";7729203125
Bulgaria;1967;"752,62";7729203125
Bulgaria;1968;"760,88";7729203125
Bulgaria;1969;"855,67";7729203125
Bulgaria;1970;"796,05";7729203125
Bulgaria;1971;"902,95";7729203125
Bulgaria;1972;"996,19";7729203125
Bulgaria;1973;"888,7";7729203125
Bulgaria;1974;"729,73";7729203125
Bulgaria;1975;"855,75";7729203125
Bulgaria;1976;"788,04";7729203125
Bulgaria;1977;"728,94";7729203125
Bulgaria;1978;"798,62";7729203125
Bulgaria;1979;"910,1";7729203125
Bulgaria;1980;"799,09";7729203125
Bulgaria;1981;"763,88";7729203125
Bulgaria;1982;"778,8";7729203125
Bulgaria;1983;"732,63";7729203125
Bulgaria;1984;"743,82";7729203125
Bulgaria;1985;"646,49";7729203125
Bulgaria;1986;"718,03";7729203125
Bulgaria;1987;"778,82";7729203125
Bulgaria;1988;"762,44";7729203125
Bulgaria;1989;"708,32";7729203125
Bulgaria;1990;"615,28";7729203125
Bulgaria;1991;"844,52";7729203125
Bulgaria;1992;"643,61";7729203125
Bulgaria;1993;"622,9";7729203125
Bulgaria;1994;"690,37";7729203125
Bulgaria;1995;"872,35";7729203125
Bulgaria;1996;"789,39";7729203125
Bulgaria;1997;"843,9";7729203125
Bulgaria;1998;"830,32";7729203125
Bulgaria;1999;"822,21";7729203125
Bulgaria;2000;"477,27";7729203125
Bulgaria;2001;"711,26";7729203125
Bulgaria;2002;"879,4";7729203125
Bulgaria;2003;"709,24";7729203125
Bulgaria;2004;"718,2";7729203125
Bulgaria;2005;"1028,61";7729203125
Bulgaria;2006;742;7729203125
Bulgaria;2007;"785,78";7729203125
Bulgaria;2008;"617,78";7729203125
Bulgaria;2009;"777,85";7729203125
Bulgaria;2010;"870,47";7729203125
Bulgaria;2011;"622,91";7729203125
Bulgaria;2012;"714,52";7729203125
Bulgaria;2013;"698,32";7729203125
Bulgaria;2014;"1114,13";7729203125
Bulgaria;2015;"778,36";7729203125
Bulgaria;2016;"756,24";7729203125
Bulgaria;2017;"804,79";7729203125
Bulgaria;2018;"822,16";7729203125
Bulgaria;2019;"674,86";7729203125
Bulgaria;2020;"709,29";7729203125
Bulgaria;2021;"888,99";7729203125
Bulgaria;2022;"581,45";7729203125
Bulgaria;2023;727;7729203125
Croatia;1992;"983,16";"1,10636E+15"
Croatia;1993;"1040,94";"1,10636E+15"
Croatia;1994;"925,11";"1,10636E+15"
Croatia;1995;"1264,15";"1,10636E+15"
Croatia;1996;"1202,04";"1,10636E+15"
Croatia;1997;"1035,22";"1,10636E+15"
Croatia;1998;"1064,39";"1,10636E+15"
Croatia;1999;"1216,18";"1,10636E+15"
Croatia;2000;"933,88";"1,10636E+15"
Croatia;2001;"1109,77";"1,10636E+15"
Croatia;2002;"1242,8";"1,10636E+15"
Croatia;2003;"813,34";"1,10636E+15"
Croatia;2004;"1266,79";"1,10636E+15"
Croatia;2005;"1171,08";"1,10636E+15"
Croatia;2006;"993,61";"1,10636E+15"
Croatia;2007;"1061,39";"1,10636E+15"
Croatia;2008;"1101,87";"1,10636E+15"
Croatia;2009;"1137,94";"1,10636E+15"
Croatia;2010;"1433,91";"1,10636E+15"
Croatia;2011;"712,56";"1,10636E+15"
Croatia;2012;"994,78";"1,10636E+15"
Croatia;2013;"1268,16";"1,10636E+15"
Croatia;2014;"1492,96";"1,10636E+15"
Croatia;2015;"988,51";"1,10636E+15"
Croatia;2016;"1172,14";"1,10636E+15"
Croatia;2017;"1099,38";"1,10636E+15"
Croatia;2018;"1144,32";"1,10636E+15"
Croatia;2019;"1225,19";"1,10636E+15"
Croatia;2020;"1023,39";"1,10636E+15"
Croatia;2021;"1083,39";"1,10636E+15"
Croatia;2022;"946,15";"1,10636E+15"
Croatia;2023;"1294,07";"1,10636E+15"
Denmark;1961;"736,09";796499375
Denmark;1962;"780,91";796499375
Denmark;1963;"761,97";796499375
Denmark;1964;"653,18";796499375
Denmark;1965;"781,76";796499375
Denmark;1966;"897,75";796499375
Denmark;1967;"858,5";796499375
Denmark;1968;"820,75";796499375
Denmark;1969;"692,42";796499375
Denmark;1970;"841,51";796499375
Denmark;1971;"725,86";796499375
Denmark;1972;"782,41";796499375
Denmark;1973;"690,65";796499375
Denmark;1974;"790,06";796499375
Denmark;1975;"613,5";796499375
Denmark;1976;"602,51";796499375
Denmark;1977;"777,72";796499375
Denmark;1978;"747,8";796499375
Denmark;1979;"858,17";796499375
Denmark;1980;"923,38";796499375
Denmark;1981;"879,91";796499375
Denmark;1982;"761,81";796499375
Denmark;1983;"815,88";796499375
Denmark;1984;"779,15";796499375
Denmark;1985;"836,64";796499375
Denmark;1986;"739,62";796499375
Denmark;1987;"795,26";796499375
Denmark;1988;"857,73";796499375
Denmark;1989;"630,05";796499375
Denmark;1990;"848,03";796499375
Denmark;1991;"679,91";796499375
Denmark;1992;"680,58";796499375
Denmark;1993;"797,24";796499375
Denmark;1994;"850,36";796499375
Denmark;1995;"692,26";796499375
Denmark;1996;"563,65";796499375
Denmark;1997;"672,53";796499375
Denmark;1998;"908,45";796499375
Denmark;1999;"935,85";796499375
Denmark;2000;"845,7";796499375
Denmark;2001;"842,57";796499375
Denmark;2002;"874,57";796499375
Denmark;2003;"664,77";796499375
Denmark;2004;"840,28";796499375
Denmark;2005;"706,33";796499375
Denmark;2006;"862,13";796499375
Denmark;2007;"917,78";796499375
Denmark;2008;"816,92";796499375
Denmark;2009;"791,7";796499375
Denmark;2010;"777,58";796499375
Denmark;2011;"805,75";796499375
Denmark;2012;"878,55";796499375
Denmark;2013;"736,11";796499375
Denmark;2014;"853,2";796499375
Denmark;2015;"963,66";796499375
Denmark;2016;"756,43";796499375
Denmark;2017;"930,34";796499375
Denmark;2018;"646,96";796499375
Denmark;2019;"943,32";796499375
Denmark;2020;"838,79";796499375
Denmark;2021;"821,51";796499375
Denmark;2022;"791,13";796499375
Denmark;2023;"993,69";796499375
Estonia;1992;"735,94";"7,59054E+15"
Estonia;1993;"734,08";"7,59054E+15"
Estonia;1994;"739,1";"7,59054E+15"
Estonia;1995;"698,25";"7,59054E+15"
Estonia;1996;"757,51";"7,59054E+15"
Estonia;1997;"779,31";"7,59054E+15"
Estonia;1998;"767,17";"7,59054E+15"
Estonia;1999;"751,87";"7,59054E+15"
Estonia;2000;"784,36";"7,59054E+15"
Estonia;2001;"767,9";"7,59054E+15"
Estonia;2002;"778,74";"7,59054E+15"
Estonia;2003;"776,07";"7,59054E+15"
Estonia;2004;"752,15";"7,59054E+15"
Estonia;2005;"729,01";"7,59054E+15"
Estonia;2006;"741,18";"7,59054E+15"
Estonia;2007;"762,55";"7,59054E+15"
Estonia;2008;"804,24";"7,59054E+15"
Estonia;2009;"777,64";"7,59054E+15"
Estonia;2010;"738,55";"7,59054E+15"
Estonia;2011;"744,07";"7,59054E+15"
Estonia;2012;"747,78";"7,59054E+15"
Estonia;2013;"753,37";"7,59054E+15"
Estonia;2014;"759,95";"7,59054E+15"
Estonia;2015;"775,07";"7,59054E+15"
Estonia;2016;"763,34";"7,59054E+15"
Estonia;2017;"785,19";"7,59054E+15"
Estonia;2018;"749,96";"7,59054E+15"
Estonia;2019;"760,05";"7,59054E+15"
Estonia;2020;"750,01";"7,59054E+15"
Estonia;2021;"809,65";"7,59054E+15"
Estonia;2022;"764,1";"7,59054E+15"
Estonia;2023;"742,34";"7,59054E+15"
Finland;1961;"727,28";7042965625
Finland;1962;"737,98";7042965625
Finland;1963;"602,97";7042965625
Finland;1964;"621,31";7042965625
Finland;1965;"702,86";7042965625
Finland;1966;"701,34";7042965625
Finland;1967;"760,59";7042965625
Finland;1968;"654,08";7042965625
Finland;1969;"582,76";7042965625
Finland;1970;"679,94";7042965625
Finland;1971;"688,5";7042965625
Finland;1972;"737,85";7042965625
Finland;1973;"674,54";7042965625
Finland;1974;"893,13";7042965625
Finland;1975;"664,68";7042965625
Finland;1976;"563,96";7042965625
Finland;1977;"747,03";7042965625
Finland;1978;"561,06";7042965625
Finland;1979;"739,95";7042965625
Finland;1980;"613,84";7042965625
Finland;1981;"838,65";7042965625
Finland;1982;"672,65";7042965625
Finland;1983;"749,34";7042965625
Finland;1984;"714,18";7042965625
Finland;1985;"669,54";7042965625
Finland;1986;"699,02";7042965625
Finland;1987;"658,43";7042965625
Finland;1988;"730,56";7042965625
Finland;1989;"725,38";7042965625
Finland;1990;"651,38";7042965625
Finland;1991;"730,15";7042965625
Finland;1992;"780,14";7042965625
Finland;1993;"652,22";7042965625
Finland;1994;"634,31";7042965625
Finland;1995;"675,61";7042965625
Finland;1996;"638,51";7042965625
Finland;1997;"606,22";7042965625
Finland;1998;"800,38";7042965625
Finland;1999;"669,35";7042965625
Finland;2000;"752,11";7042965625
Finland;2001;"659,21";7042965625
Finland;2002;"566,68";7042965625
Finland;2003;"622,59";7042965625
Finland;2004;"747,16";7042965625
Finland;2005;"711,73";7042965625
Finland;2006;"607,77";7042965625
Finland;2007;"748,83";7042965625
Finland;2008;"793,86";7042965625
Finland;2009;"608,82";7042965625
Finland;2010;"652,02";7042965625
Finland;2011;"754,36";7042965625
Finland;2012;"850,7";7042965625
Finland;2013;"690,95";7042965625
Finland;2014;"679,76";7042965625
Finland;2015;"830,73";7042965625
Finland;2016;"768,46";7042965625
Finland;2017;"771,76";7042965625
Finland;2018;"613,38";7042965625
Finland;2019;"767,52";7042965625
Finland;2020;"832,1";7042965625
Finland;2021;"771,67";7042965625
Finland;2022;"727,88";7042965625
Finland;2023;"823,47";7042965625
France;1961;"819,67";96529140625
France;1962;"822,49";96529140625
France;1963;"930,29";96529140625
France;1964;"793,47";96529140625
France;1965;"1155,92";96529140625
France;1966;"1082,04";96529140625
France;1967;"901,7";96529140625
France;1968;1047;96529140625
France;1969;"1020,29";96529140625
France;1970;"1018,43";96529140625
France;1971;"968,1";96529140625
France;1972;"1055,6";96529140625
France;1973;"881,82";96529140625
France;1974;"1059,7";96529140625
France;1975;"912,15";96529140625
France;1976;"882,58";96529140625
France;1977;"1096,55";96529140625
France;1978;"984,47";96529140625
France;1979;"1121,47";96529140625
France;1980;"1005,28";96529140625
France;1981;"1176,13";96529140625
France;1982;"1050,89";96529140625
France;1983;"996,7";96529140625
France;1984;"1058,28";96529140625
France;1985;"831,93";96529140625
France;1986;"1040,48";96529140625
France;1987;"1008,57";96529140625
France;1988;"1026,01";96529140625
France;1989;"742,06";96529140625
France;1990;"866,16";96529140625
France;1991;"784,3";96529140625
France;1992;"962,65";96529140625
France;1993;"977,55";96529140625
France;1994;"1082,87";96529140625
France;1995;"982,79";96529140625
France;1996;"963,56";96529140625
France;1997;"872,54";96529140625
France;1998;"896,54";96529140625
France;1999;"1106,97";96529140625
France;2000;"1062,89";96529140625
France;2001;"1030,69";96529140625
France;2002;"1028,71";96529140625
France;2003;"832,75";96529140625
France;2004;"869,57";96529140625
France;2005;"784,5";96529140625
France;2006;"934,01";96529140625
France;2007;"928,99";96529140625
France;2008;"1040,95";96529140625
France;2009;"896,6";96529140625
France;2010;"956,45";96529140625
France;2011;"787,09";96529140625
France;2012;"968,35";96529140625
France;2013;"1057,05";96529140625
France;2014;"1033,13";96529140625
France;2015;"799,73";96529140625
France;2016;"969,76";96529140625
France;2017;"853,79";96529140625
France;2018;"1028,51";96529140625
France;2019;988;96529140625
France;2020;"928,4";96529140625
France;2021;"1010,61";96529140625
France;2022;"847,36";96529140625
France;2023;"1008,01";96529140625
Germany;1961;"883,1";88157859375
Germany;1962;"763,52";88157859375
Germany;1963;"725,66";88157859375
Germany;1964;"731,59";88157859375
Germany;1965;"1071,8";88157859375
Germany;1966;"1028,34";88157859375
Germany;1967;"950,08";88157859375
Germany;1968;"915,98";88157859375
Germany;1969;"832,6";88157859375
Germany;1970;"1001,24";88157859375
Germany;1971;"713,13";88157859375
Germany;1972;"800,02";88157859375
Germany;1973;"819,59";88157859375
Germany;1974;"976,07";88157859375
Germany;1975;"770,06";88157859375
Germany;1976;"682,28";88157859375
Germany;1977;"920,5";88157859375
Germany;1978;"883,81";88157859375
Germany;1979;"910,31";88157859375
Germany;1980;"939,07";88157859375
Germany;1981;"1080,57";88157859375
Germany;1982;"801,19";88157859375
Germany;1983;"874,52";88157859375
Germany;1984;"912,34";88157859375
Germany;1985;"848,13";88157859375
Germany;1986;"954,82";88157859375
Germany;1987;"976,33";88157859375
Germany;1988;"967,58";88157859375
Germany;1989;"773,19";88157859375
Germany;1990;"847,94";88157859375
Germany;1991;"721,2";88157859375
Germany;1992;"847,55";88157859375
Germany;1993;"961,25";88157859375
Germany;1994;"945,57";88157859375
Germany;1995;"932,06";88157859375
Germany;1996;"752,48";88157859375
Germany;1997;"802,15";88157859375
Germany;1998;"997,58";88157859375
Germany;1999;"919,65";88157859375
Germany;2000;"918,58";88157859375
Germany;2001;"1010,07";88157859375
Germany;2002;"1063,64";88157859375
Germany;2003;"638,19";88157859375
Germany;2004;"863,05";88157859375
Germany;2005;"844,82";88157859375
Germany;2006;"818,2";88157859375
Germany;2007;"1037,24";88157859375
Germany;2008;"871,47";88157859375
Germany;2009;"901,1";88157859375
Germany;2010;"971,99";88157859375
Germany;2011;"794,31";88157859375
Germany;2012;"895,98";88157859375
Germany;2013;"909,5";88157859375
Germany;2014;"859,13";88157859375
Germany;2015;"804,41";88157859375
Germany;2016;"838,37";88157859375
Germany;2017;"954,83";88157859375
Germany;2018;"663,27";88157859375
Germany;2019;853;88157859375
Germany;2020;"822,78";88157859375
Germany;2021;"988,48";88157859375
Germany;2022;"825,59";88157859375
Germany;2023;"1034,85";88157859375
Greece;1961;"668,19";80202859375
Greece;1962;"976,81";80202859375
Greece;1963;"983,05";80202859375
Greece;1964;"876,5";80202859375
Greece;1965;"762,29";80202859375
Greece;1966;"1005,95";80202859375
Greece;1967;"815,17";80202859375
Greece;1968;"964,17";80202859375
Greece;1969;"855,48";80202859375
Greece;1970;"774,08";80202859375
Greece;1971;"968,5";80202859375
Greece;1972;"1042,96";80202859375
Greece;1973;"867,1";80202859375
Greece;1974;"853,83";80202859375
Greece;1975;"747,99";80202859375
Greece;1976;"900,8";80202859375
Greece;1977;"541,44";80202859375
Greece;1978;"879,52";80202859375
Greece;1979;"986,88";80202859375
Greece;1980;"865,37";80202859375
Greece;1981;"825,33";80202859375
Greece;1982;"811,68";80202859375
Greece;1983;"743,31";80202859375
Greece;1984;"720,39";80202859375
Greece;1985;"730,38";80202859375
Greece;1986;"715,26";80202859375
Greece;1987;"849,35";80202859375
Greece;1988;"688,25";80202859375
Greece;1989;"560,66";80202859375
Greece;1990;"591,2";80202859375
Greece;1991;"761,57";80202859375
Greece;1992;"569,7";80202859375
Greece;1993;"623,14";80202859375
Greece;1994;"764,11";80202859375
Greece;1995;"791,06";80202859375
Greece;1996;"857,11";80202859375
Greece;1997;"708,7";80202859375
Greece;1998;"785,7";80202859375
Greece;1999;"791,94";80202859375
Greece;2000;"519,78";80202859375
Greece;2001;"696,26";80202859375
Greece;2002;"895,83";80202859375
Greece;2003;"866,02";80202859375
Greece;2004;"772,25";80202859375
Greece;2005;"834,49";80202859375
Greece;2006;"787,99";80202859375
Greece;2007;"707,17";80202859375
Greece;2008;"593,96";80202859375
Greece;2009;"964,69";80202859375
Greece;2010;"943,41";80202859375
Greece;2011;"690,95";80202859375
Greece;2012;"862,63";80202859375
Greece;2013;"773,37";80202859375
Greece;2014;"924,68";80202859375
Greece;2015;"881,15";80202859375
Greece;2016;"776,34";80202859375
Greece;2017;"797,74";80202859375
Greece;2018;"917,7";80202859375
Greece;2019;"874,09";80202859375
Greece;2020;"741,43";80202859375
Greece;2021;"924,36";80202859375
Greece;2022;"774,83";80202859375
Greece;2023;"857,28";80202859375
Hungary;1961;"495,41";689219375
Hungary;1962;"628,94";689219375
Hungary;1963;"680,62";689219375
Hungary;1964;"694,36";689219375
Hungary;1965;"872,18";689219375
Hungary;1966;"766,03";689219375
Hungary;1967;"580,82";689219375
Hungary;1968;"617,64";689219375
Hungary;1969;"781,56";689219375
Hungary;1970;"836,87";689219375
Hungary;1971;"573,37";689219375
Hungary;1972;"847,2";689219375
Hungary;1973;"585,7";689219375
Hungary;1974;"852,4";689219375
Hungary;1975;"704,91";689219375
Hungary;1976;"660,5";689219375
Hungary;1977;"681,26";689219375
Hungary;1978;"640,37";689219375
Hungary;1979;"717,55";689219375
Hungary;1980;"798,06";689219375
Hungary;1981;"652,69";689219375
Hungary;1982;"665,7";689219375
Hungary;1983;"564,71";689219375
Hungary;1984;"677,73";689219375
Hungary;1985;"702,83";689219375
Hungary;1986;"561,85";689219375
Hungary;1987;"744,13";689219375
Hungary;1988;"633,4";689219375
Hungary;1989;"670,65";689219375
Hungary;1990;"534,34";689219375
Hungary;1991;"688,46";689219375
Hungary;1992;"579,45";689219375
Hungary;1993;"561,99";689219375
Hungary;1994;"578,27";689219375
Hungary;1995;"767,31";689219375
Hungary;1996;"790,64";689219375
Hungary;1997;"624,05";689219375
Hungary;1998;"787,6";689219375
Hungary;1999;"912,2";689219375
Hungary;2000;"516,81";689219375
Hungary;2001;"744,81";689219375
Hungary;2002;"677,02";689219375
Hungary;2003;"494,79";689219375
Hungary;2004;"748,87";689219375
Hungary;2005;"824,68";689219375
Hungary;2006;"652,8";689219375
Hungary;2007;"656,53";689219375
Hungary;2008;"628,24";689219375
Hungary;2009;"693,07";689219375
Hungary;2010;"1041,62";689219375
Hungary;2011;"469,98";689219375
Hungary;2012;"570,05";689219375
Hungary;2013;"783,97";689219375
Hungary;2014;"881,55";689219375
Hungary;2015;"614,78";689219375
Hungary;2016;"791,15";689219375
Hungary;2017;"711,28";689219375
Hungary;2018;"710,64";689219375
Hungary;2019;"731,64";689219375
Hungary;2020;"736,78";689219375
Hungary;2021;"627,15";689219375
Hungary;2022;"596,57";689219375
Hungary;2023;"866,63";689219375
Ireland;1961;"972,69";10752965625
Ireland;1962;"851,7";10752965625
Ireland;1963;"913,31";10752965625
Ireland;1964;"920,37";10752965625
Ireland;1965;"1049,15";10752965625
Ireland;1966;"1083,71";10752965625
Ireland;1967;"1013,74";10752965625
Ireland;1968;"1052,98";10752965625
Ireland;1969;"788,3";10752965625
Ireland;1970;"1017,05";10752965625
Ireland;1971;"859,81";10752965625
Ireland;1972;"1019,11";10752965625
Ireland;1973;"945,15";10752965625
Ireland;1974;"1082,89";10752965625
Ireland;1975;"847,13";10752965625
Ireland;1976;"908,64";10752965625
Ireland;1977;"1052,95";10752965625
Ireland;1978;"1036,11";10752965625
Ireland;1979;"1140,46";10752965625
Ireland;1980;"1187,83";10752965625
Ireland;1981;"1106,62";10752965625
Ireland;1982;"1195,61";10752965625
Ireland;1983;"1078,88";10752965625
Ireland;1984;"1048,87";10752965625
Ireland;1985;"1147,67";10752965625
Ireland;1986;"1235,6";10752965625
Ireland;1987;"992,98";10752965625
Ireland;1988;"1194,15";10752965625
Ireland;1989;"1034,07";10752965625
Ireland;1990;"1060,13";10752965625
Ireland;1991;"986,32";10752965625
Ireland;1992;"1104,59";10752965625
Ireland;1993;"1117,85";10752965625
Ireland;1994;"1196,33";10752965625
Ireland;1995;"1014,71";10752965625
Ireland;1996;"1028,42";10752965625
Ireland;1997;"1096,23";10752965625
Ireland;1998;"1255,03";10752965625
Ireland;1999;"1171,29";10752965625
Ireland;2000;"1195,06";10752965625
Ireland;2001;"898,05";10752965625
Ireland;2002;"1283,2";10752965625
Ireland;2003;"936,97";10752965625
Ireland;2004;"1024,35";10752965625
Ireland;2005;"1018,45";10752965625
Ireland;2006;"1148,29";10752965625
Ireland;2007;"1078,01";10752965625
Ireland;2008;"1207,79";10752965625
Ireland;2009;"1331,09";10752965625
Ireland;2010;"912,61";10752965625
Ireland;2011;"1127,33";10752965625
Ireland;2012;"1138,37";10752965625
Ireland;2013;1027;10752965625
Ireland;2014;"1199,02";10752965625
Ireland;2015;"1268,17";10752965625
Ireland;2016;"1034,58";10752965625
Ireland;2017;"1055,57";10752965625
Ireland;2018;"1046,95";10752965625
Ireland;2019;"1186,62";10752965625
Ireland;2020;"1278,38";10752965625
Ireland;2021;"1097,85";10752965625
Ireland;2022;"1117,72";10752965625
Ireland;2023;"1315,32";10752965625
Italy;1961;"871,61";10225040625
Italy;1962;"961,8";10225040625
Italy;1963;"1191,33";10225040625
Italy;1964;1049;10225040625
Italy;1965;"1067,79";10225040625
Italy;1966;"1208,46";10225040625
Italy;1967;"946,5";10225040625
Italy;1968;"1140,04";10225040625
Italy;1969;"1104,62";10225040625
Italy;1970;"953,76";10225040625
Italy;1971;"1054,46";10225040625
Italy;1972;"1366,67";10225040625
Italy;1973;"1023,48";10225040625
Italy;1974;"1008,65";10225040625
Italy;1975;"1045,27";10225040625
Italy;1976;"1236,91";10225040625
Italy;1977;"1066,9";10225040625
Italy;1978;"1128,55";10225040625
Italy;1979;"1215,62";10225040625
Italy;1980;"1048,05";10225040625
Italy;1981;"1001,85";10225040625
Italy;1982;"988,92";10225040625
Italy;1983;"879,69";10225040625
Italy;1984;"1101,19";10225040625
Italy;1985;"928,14";10225040625
Italy;1986;"967,25";10225040625
Italy;1987;"986,34";10225040625
Italy;1988;"872,43";10225040625
Italy;1989;"824,65";10225040625
Italy;1990;"893,91";10225040625
Italy;1991;"915,09";10225040625
Italy;1992;"946,62";10225040625
Italy;1993;"912,09";10225040625
Italy;1994;"867,58";10225040625
Italy;1995;"930,02";10225040625
Italy;1996;"1179,54";10225040625
Italy;1997;"885,15";10225040625
Italy;1998;"884,81";10225040625
Italy;1999;"992,95";10225040625
Italy;2000;"1012,81";10225040625
Italy;2001;"848,38";10225040625
Italy;2002;"1145,83";10225040625
Italy;2003;"868,85";10225040625
Italy;2004;"1056,28";10225040625
Italy;2005;"983,76";10225040625
Italy;2006;"831,94";10225040625
Italy;2007;"849,16";10225040625
Italy;2008;"1139,79";10225040625
Italy;2009;"1126,62";10225040625
Italy;2010;"1325,09";10225040625
Italy;2011;"880,15";10225040625
Italy;2012;"1014,24";10225040625
Italy;2013;"1200,17";10225040625
Italy;2014;"1246,29";10225040625
Italy;2015;"955,87";10225040625
Italy;2016;"1079,66";10225040625
Italy;2017;"855,85";10225040625
Italy;2018;"1215,02";10225040625
Italy;2019;"1174,14";10225040625
Italy;2020;"986,15";10225040625
Italy;2021;"992,13";10225040625
Italy;2022;"820,65";10225040625
Italy;2023;"1029,41";10225040625
Latvia;1992;"682,43";"7,53457E+15"
Latvia;1993;"786,96";"7,53457E+15"
Latvia;1994;"776,02";"7,53457E+15"
Latvia;1995;"735,92";"7,53457E+15"
Latvia;1996;"615,1";"7,53457E+15"
Latvia;1997;"793,13";"7,53457E+15"
Latvia;1998;"900,46";"7,53457E+15"
Latvia;1999;"703,77";"7,53457E+15"
Latvia;2000;"704,43";"7,53457E+15"
Latvia;2001;"816,85";"7,53457E+15"
Latvia;2002;"677,94";"7,53457E+15"
Latvia;2003;"702,12";"7,53457E+15"
Latvia;2004;"767,05";"7,53457E+15"
Latvia;2005;"678,65";"7,53457E+15"
Latvia;2006;"611,21";"7,53457E+15"
Latvia;2007;"800,83";"7,53457E+15"
Latvia;2008;"820,56";"7,53457E+15"
Latvia;2009;"817,1";"7,53457E+15"
Latvia;2010;"862,56";"7,53457E+15"
Latvia;2011;"701,2";"7,53457E+15"
Latvia;2012;"918,35";"7,53457E+15"
Latvia;2013;"675,31";"7,53457E+15"
Latvia;2014;"772,7";"7,53457E+15"
Latvia;2015;"682,21";"7,53457E+15"
Latvia;2016;"821,66";"7,53457E+15"
Latvia;2017;"893,54";"7,53457E+15"
Latvia;2018;"558,66";"7,53457E+15"
Latvia;2019;"757,49";"7,53457E+15"
Latvia;2020;"739,15";"7,53457E+15"
Latvia;2021;"785,84";"7,53457E+15"
Latvia;2022;"744,98";"7,53457E+15"
Latvia;2023;"837,37";"7,53457E+15"
Lithuania;1992;"683,2";"7,50712E+15"
Lithuania;1993;"799,81";"7,50712E+15"
Lithuania;1994;"797,6";"7,50712E+15"
Lithuania;1995;"776,34";"7,50712E+15"
Lithuania;1996;"627,14";"7,50712E+15"
Lithuania;1997;"754,1";"7,50712E+15"
Lithuania;1998;"914,53";"7,50712E+15"
Lithuania;1999;"723,44";"7,50712E+15"
Lithuania;2000;"722,8";"7,50712E+15"
Lithuania;2001;"822,55";"7,50712E+15"
Lithuania;2002;"699,32";"7,50712E+15"
Lithuania;2003;"653,13";"7,50712E+15"
Lithuania;2004;"802,2";"7,50712E+15"
Lithuania;2005;"720,08";"7,50712E+15"
Lithuania;2006;"638,65";"7,50712E+15"
Lithuania;2007;"825,48";"7,50712E+15"
Lithuania;2008;"761,52";"7,50712E+15"
Lithuania;2009;"750,25";"7,50712E+15"
Lithuania;2010;"874,72";"7,50712E+15"
Lithuania;2011;"680,7";"7,50712E+15"
Lithuania;2012;"852,57";"7,50712E+15"
Lithuania;2013;"684,17";"7,50712E+15"
Lithuania;2014;"703,36";"7,50712E+15"
Lithuania;2015;"664,1";"7,50712E+15"
Lithuania;2016;"845,54";"7,50712E+15"
Lithuania;2017;"904,46";"7,50712E+15"
Lithuania;2018;"584,71";"7,50712E+15"
Lithuania;2019;"650,8";"7,50712E+15"
Lithuania;2020;"709,42";"7,50712E+15"
Lithuania;2021;"822,56";"7,50712E+15"
Lithuania;2022;"780,58";"7,50712E+15"
Lithuania;2023;"800,1";"7,50712E+15"
Montenegro;2006;"1444,74";"1,6437E+16"
Montenegro;2007;"1520,39";"1,6437E+16"
Montenegro;2008;"1537,65";"1,6437E+16"
Montenegro;2009;"1904,92";"1,6437E+16"
Montenegro;2010;"2274,21";"1,6437E+16"
Montenegro;2011;"1022,37";"1,6437E+16"
Montenegro;2012;"1523,62";"1,6437E+16"
Montenegro;2013;"1860,81";"1,6437E+16"
Montenegro;2014;"1853,87";"1,6437E+16"
Montenegro;2015;"1254,06";"1,6437E+16"
Montenegro;2016;"1871,19";"1,6437E+16"
Montenegro;2017;"1482,06";"1,6437E+16"
Montenegro;2018;"1763,32";"1,6437E+16"
Montenegro;2019;"1657,22";"1,6437E+16"
Montenegro;2020;"1535,04";"1,6437E+16"
Montenegro;2021;"1753,29";"1,6437E+16"
Montenegro;2022;"1628,09";"1,6437E+16"
Montenegro;2023;"1853,55";"1,6437E+16"
Netherlands;1961;"936,04";857341875
Netherlands;1962;"769,75";857341875
Netherlands;1963;"706,56";857341875
Netherlands;1964;"681,04";857341875
Netherlands;1965;"939,5";857341875
Netherlands;1966;"1001,39";857341875
Netherlands;1967;"851,73";857341875
Netherlands;1968;"919,23";857341875
Netherlands;1969;"769,75";857341875
Netherlands;1970;871;857341875
Netherlands;1971;"698,3";857341875
Netherlands;1972;"783,78";857341875
Netherlands;1973;"764,28";857341875
Netherlands;1974;"986,03";857341875
Netherlands;1975;"759,81";857341875
Netherlands;1976;"579,41";857341875
Netherlands;1977;"870,61";857341875
Netherlands;1978;"747,06";857341875
Netherlands;1979;"907,73";857341875
Netherlands;1980;"865,03";857341875
Netherlands;1981;"937,61";857341875
Netherlands;1982;"772,71";857341875
Netherlands;1983;841;857341875
Netherlands;1984;"955,44";857341875
Netherlands;1985;"882,68";857341875
Netherlands;1986;"852,01";857341875
Netherlands;1987;"912,22";857341875
Netherlands;1988;"957,45";857341875
Netherlands;1989;"721,73";857341875
Netherlands;1990;"794,58";857341875
Netherlands;1991;"691,63";857341875
Netherlands;1992;"846,81";857341875
Netherlands;1993;"970,03";857341875
Netherlands;1994;"925,88";857341875
Netherlands;1995;"783,72";857341875
Netherlands;1996;"651,68";857341875
Netherlands;1997;"729,82";857341875
Netherlands;1998;"1131,3";857341875
Netherlands;1999;"899,51";857341875
Netherlands;2000;"972,84";857341875
Netherlands;2001;"1002,6";857341875
Netherlands;2002;"977,61";857341875
Netherlands;2003;"673,12";857341875
Netherlands;2004;"896,23";857341875
Netherlands;2005;"807,92";857341875
Netherlands;2006;"835,35";857341875
Netherlands;2007;"975,88";857341875
Netherlands;2008;"890,44";857341875
Netherlands;2009;"819,88";857341875
Netherlands;2010;"843,3";857341875
Netherlands;2011;"824,56";857341875
Netherlands;2012;"984,66";857341875
Netherlands;2013;"801,57";857341875
Netherlands;2014;"886,43";857341875
Netherlands;2015;"875,38";857341875
Netherlands;2016;"803,95";857341875
Netherlands;2017;"910,93";857341875
Netherlands;2018;"677,18";857341875
Netherlands;2019;"865,46";857341875
Netherlands;2020;"849,06";857341875
Netherlands;2021;"1006,47";857341875
Netherlands;2022;"824,94";857341875
Netherlands;2023;1128;857341875
Norway;1961;"1315,14";"1,29162E+11"
Norway;1962;"1186,71";"1,29162E+11"
Norway;1963;"1161,82";"1,29162E+11"
Norway;1964;"1390,07";"1,29162E+11"
Norway;1965;"1094,95";"1,29162E+11"
Norway;1966;"1148,9";"1,29162E+11"
Norway;1967;"1437,56";"1,29162E+11"
Norway;1968;"1115,91";"1,29162E+11"
Norway;1969;"1062,73";"1,29162E+11"
Norway;1970;"1073,15";"1,29162E+11"
Norway;1971;"1424,18";"1,29162E+11"
Norway;1972;"1236,87";"1,29162E+11"
Norway;1973;"1436,04";"1,29162E+11"
Norway;1974;"1167,9";"1,29162E+11"
Norway;1975;"1457,8";"1,29162E+11"
Norway;1976;"1061,33";"1,29162E+11"
Norway;1977;"1111,96";"1,29162E+11"
Norway;1978;"1163,45";"1,29162E+11"
Norway;1979;"1237,82";"1,29162E+11"
Norway;1980;"1106,11";"1,29162E+11"
Norway;1981;"1168,21";"1,29162E+11"
Norway;1982;"1326,65";"1,29162E+11"
Norway;1983;"1552,79";"1,29162E+11"
Norway;1984;"1134,15";"1,29162E+11"
Norway;1985;"1261,15";"1,29162E+11"
Norway;1986;"1244,77";"1,29162E+11"
Norway;1987;"1202,11";"1,29162E+11"
Norway;1988;"1307,47";"1,29162E+11"
Norway;1989;"1478,97";"1,29162E+11"
Norway;1990;"1494,65";"1,29162E+11"
Norway;1991;"1242,91";"1,29162E+11"
Norway;1992;"1398,79";"1,29162E+11"
Norway;1993;"1206,56";"1,29162E+11"
Norway;1994;"1235,4";"1,29162E+11"
Norway;1995;"1317,56";"1,29162E+11"
Norway;1996;"1029,12";"1,29162E+11"
Norway;1997;"1309,16";"1,29162E+11"
Norway;1998;"1309,27";"1,29162E+11"
Norway;1999;"1338,87";"1,29162E+11"
Norway;2000;"1412,22";"1,29162E+11"
Norway;2001;"1251,96";"1,29162E+11"
Norway;2002;"1122,51";"1,29162E+11"
Norway;2003;"1259,78";"1,29162E+11"
Norway;2004;"1338,8";"1,29162E+11"
Norway;2005;"1396,99";"1,29162E+11"
Norway;2006;"1312,33";"1,29162E+11"
Norway;2007;"1418,88";"1,29162E+11"
Norway;2008;"1296,07";"1,29162E+11"
Norway;2009;"1240,33";"1,29162E+11"
Norway;2010;"1097,38";"1,29162E+11"
Norway;2011;"1570,35";"1,29162E+11"
Norway;2012;"1349,87";"1,29162E+11"
Norway;2013;"1346,51";"1,29162E+11"
Norway;2014;"1296,13";"1,29162E+11"
Norway;2015;"1557,51";"1,29162E+11"
Norway;2016;"1258,86";"1,29162E+11"
Norway;2017;"1456,21";"1,29162E+11"
Norway;2018;"1231,25";"1,29162E+11"
Norway;2019;"1356,85";"1,29162E+11"
Norway;2020;"1580,61";"1,29162E+11"
Norway;2021;"1249,89";"1,29162E+11"
Norway;2022;"1408,63";"1,29162E+11"
Norway;2023;"1367,22";"1,29162E+11"
Poland;1961;"664,21";7537303125
Poland;1962;"769,3";7537303125
Poland;1963;"664,8";7537303125
Poland;1964;"666,19";7537303125
Poland;1965;"748,24";7537303125
Poland;1966;"861,32";7537303125
Poland;1967;"818,57";7537303125
Poland;1968;"757,74";7537303125
Poland;1969;"605,58";7537303125
Poland;1970;"912,96";7537303125
Poland;1971;"714,38";7537303125
Poland;1972;"812,01";7537303125
Poland;1973;"739,61";7537303125
Poland;1974;"903,94";7537303125
Poland;1975;"682,59";7537303125
Poland;1976;"695,54";7537303125
Poland;1977;"842,05";7537303125
Poland;1978;"797,44";7537303125
Poland;1979;"736,07";7537303125
Poland;1980;"887,51";7537303125
Poland;1981;"890,49";7537303125
Poland;1982;"582,19";7537303125
Poland;1983;"720,85";7537303125
Poland;1984;725;7537303125
Poland;1985;"861,76";7537303125
Poland;1986;"743,74";7537303125
Poland;1987;"795,22";7537303125
Poland;1988;"786,98";7537303125
Poland;1989;"663,48";7537303125
Poland;1990;"719,47";7537303125
Poland;1991;"680,17";7537303125
Poland;1992;"671,11";7537303125
Poland;1993;"726,59";7537303125
Poland;1994;"752,66";7537303125
Poland;1995;"737,19";7537303125
Poland;1996;"712,91";7537303125
Poland;1997;"775,01";7537303125
Poland;1998;"829,53";7537303125
Poland;1999;"767,23";7537303125
Poland;2000;"759,46";7537303125
Poland;2001;"861,87";7537303125
Poland;2002;"765,98";7537303125
Poland;2003;"592,73";7537303125
Poland;2004;"728,83";7537303125
Poland;2005;"685,22";7537303125
Poland;2006;"685,93";7537303125
Poland;2007;"809,72";7537303125
Poland;2008;"741,84";7537303125
Poland;2009;"773,35";7537303125
Poland;2010;"946,26";7537303125
Poland;2011;"673,65";7537303125
Poland;2012;"737,63";7537303125
Poland;2013;"756,64";7537303125
Poland;2014;743;7537303125
Poland;2015;"604,9";7537303125
Poland;2016;"802,01";7537303125
Poland;2017;"916,69";7537303125
Poland;2018;"628,66";7537303125
Poland;2019;"675,04";7537303125
Poland;2020;"774,11";7537303125
Poland;2021;"814,89";7537303125
Poland;2022;"739,79";7537303125
Poland;2023;"849,02";7537303125
Portugal;1961;"854,72";80642734375
Portugal;1962;"724,01";80642734375
Portugal;1963;"1218,34";80642734375
Portugal;1964;"717,77";80642734375
Portugal;1965;"951,01";80642734375
Portugal;1966;"1092,2";80642734375
Portugal;1967;"632,32";80642734375
Portugal;1968;"868,07";80642734375
Portugal;1969;"1038,04";80642734375
Portugal;1970;"774,39";80642734375
Portugal;1971;"788,99";80642734375
Portugal;1972;"1063,75";80642734375
Portugal;1973;"715,18";80642734375
Portugal;1974;"728,86";80642734375
Portugal;1975;"680,31";80642734375
Portugal;1976;"771,9";80642734375
Portugal;1977;"1001,83";80642734375
Portugal;1978;"946,31";80642734375
Portugal;1979;"1029,48";80642734375
Portugal;1980;"600,35";80642734375
Portugal;1981;"721,46";80642734375
Portugal;1982;"612,23";80642734375
Portugal;1983;"796,2";80642734375
Portugal;1984;"823,7";80642734375
Portugal;1985;"925,84";80642734375
Portugal;1986;"683,4";80642734375
Portugal;1987;"931,15";80642734375
Portugal;1988;"785,55";80642734375
Portugal;1989;"988,22";80642734375
Portugal;1990;"646,57";80642734375
Portugal;1991;625;80642734375
Portugal;1992;"571,16";80642734375
Portugal;1993;"805,07";80642734375
Portugal;1994;"714,31";80642734375
Portugal;1995;"821,75";80642734375
Portugal;1996;"1034,79";80642734375
Portugal;1997;"1052,37";80642734375
Portugal;1998;"646,12";80642734375
Portugal;1999;"739,73";80642734375
Portugal;2000;"964,65";80642734375
Portugal;2001;"962,82";80642734375
Portugal;2002;"930,25";80642734375
Portugal;2003;"882,64";80642734375
Portugal;2004;"583,58";80642734375
Portugal;2005;"567,35";80642734375
Portugal;2006;"922,74";80642734375
Portugal;2007;"569,49";80642734375
Portugal;2008;"692,41";80642734375
Portugal;2009;"825,3";80642734375
Portugal;2010;"1046,27";80642734375
Portugal;2011;"749,17";80642734375
Portugal;2012;"641,12";80642734375
Portugal;2013;"877,87";80642734375
Portugal;2014;"1007,71";80642734375
Portugal;2015;"568,58";80642734375
Portugal;2016;"880,22";80642734375
Portugal;2017;"514,85";80642734375
Portugal;2018;"885,56";80642734375
Portugal;2019;"699,14";80642734375
Portugal;2020;"709,54";80642734375
Portugal;2021;"727,82";80642734375
Portugal;2022;"795,14";80642734375
Portugal;2023;"713,54";80642734375
Romania;1961;"660,64";81989390625
Romania;1962;"739,43";81989390625
Romania;1963;"729,7";81989390625
Romania;1964;"848,77";81989390625
Romania;1965;"804,51";81989390625
Romania;1966;"957,91";81989390625
Romania;1967;"808,87";81989390625
Romania;1968;"807,12";81989390625
Romania;1969;"955,47";81989390625
Romania;1970;"1005,56";81989390625
Romania;1971;885;81989390625
Romania;1972;"1022,67";81989390625
Romania;1973;"797,98";81989390625
Romania;1974;"904,61";81989390625
Romania;1975;"864,54";81989390625
Romania;1976;"844,28";81989390625
Romania;1977;"800,52";81989390625
Romania;1978;"896,79";81989390625
Romania;1979;"944,39";81989390625
Romania;1980;"992,47";81989390625
Romania;1981;"943,86";81989390625
Romania;1982;"773,83";81989390625
Romania;1983;"724,26";81989390625
Romania;1984;"883,11";81989390625
Romania;1985;"809,49";81989390625
Romania;1986;"705,5";81989390625
Romania;1987;"801,99";81989390625
Romania;1988;"892,11";81989390625
Romania;1989;"796,91";81989390625
Romania;1990;"682,8";81989390625
Romania;1991;"919,6";81989390625
Romania;1992;"703,06";81989390625
Romania;1993;"775,73";81989390625
Romania;1994;"712,18";81989390625
Romania;1995;"901,94";81989390625
Romania;1996;"871,77";81989390625
Romania;1997;"914,23";81989390625
Romania;1998;"867,61";81989390625
Romania;1999;"929,37";81989390625
Romania;2000;"607,4";81989390625
Romania;2001;"854,16";81989390625
Romania;2002;"812,34";81989390625
Romania;2003;"669,01";81989390625
Romania;2004;"850,69";81989390625
Romania;2005;"1050,56";81989390625
Romania;2006;"825,5";81989390625
Romania;2007;"803,3";81989390625
Romania;2008;"753,91";81989390625
Romania;2009;"750,63";81989390625
Romania;2010;"973,45";81989390625
Romania;2011;"586,97";81989390625
Romania;2012;"726,2";81989390625
Romania;2013;"801,33";81989390625
Romania;2014;"911,44";81989390625
Romania;2015;"731,26";81989390625
Romania;2016;"901,65";81989390625
Romania;2017;"759,09";81989390625
Romania;2018;"799,85";81989390625
Romania;2019;"700,5";81989390625
Romania;2020;"767,04";81989390625
Romania;2021;"821,43";81989390625
Romania;2022;"660,33";81989390625
Romania;2023;"789,4";81989390625
Slovenia;1992;"1220,48";"1,30095E+16"
Slovenia;1993;"1196,85";"1,30095E+16"
Slovenia;1994;"1192,14";"1,30095E+16"
Slovenia;1995;"1380,61";"1,30095E+16"
Slovenia;1996;"1393,94";"1,30095E+16"
Slovenia;1997;"1185,58";"1,30095E+16"
Slovenia;1998;"1323,28";"1,30095E+16"
Slovenia;1999;"1369,48";"1,30095E+16"
Slovenia;2000;"1279,73";"1,30095E+16"
Slovenia;2001;"1219,14";"1,30095E+16"
Slovenia;2002;"1317,53";"1,30095E+16"
Slovenia;2003;"974,28";"1,30095E+16"
Slovenia;2004;"1407,32";"1,30095E+16"
Slovenia;2005;"1222,5";"1,30095E+16"
Slovenia;2006;"1152,2";"1,30095E+16"
Slovenia;2007;"1202,44";"1,30095E+16"
Slovenia;2008;"1404,62";"1,30095E+16"
Slovenia;2009;"1334,42";"1,30095E+16"
Slovenia;2010;"1509,59";"1,30095E+16"
Slovenia;2011;"891,22";"1,30095E+16"
Slovenia;2012;"1254,26";"1,30095E+16"
Slovenia;2013;"1409,76";"1,30095E+16"
Slovenia;2014;"1723,11";"1,30095E+16"
Slovenia;2015;"1123,35";"1,30095E+16"
Slovenia;2016;"1432,64";"1,30095E+16"
Slovenia;2017;"1403,24";"1,30095E+16"
Slovenia;2018;"1325,41";"1,30095E+16"
Slovenia;2019;"1437,99";"1,30095E+16"
Slovenia;2020;"1266,93";"1,30095E+16"
Slovenia;2021;"1259,6";"1,30095E+16"
Slovenia;2022;"1078,88";"1,30095E+16"
Slovenia;2023;"1643,46";"1,30095E+16"
Spain;1961;"660,29";67409390625
Spain;1962;"686,64";67409390625
Spain;1963;"845,12";67409390625
Spain;1964;"575,9";67409390625
Spain;1965;"709,98";67409390625
Spain;1966;"752,38";67409390625
Spain;1967;"646,46";67409390625
Spain;1968;"684,6";67409390625
Spain;1969;"893,31";67409390625
Spain;1970;"640,88";67409390625
Spain;1971;"887,65";67409390625
Spain;1972;"994,22";67409390625
Spain;1973;"620,54";67409390625
Spain;1974;"653,78";67409390625
Spain;1975;"680,75";67409390625
Spain;1976;"731,37";67409390625
Spain;1977;"787,91";67409390625
Spain;1978;"649,39";67409390625
Spain;1979;"804,42";67409390625
Spain;1980;"601,55";67409390625
Spain;1981;"609,7";67409390625
Spain;1982;"645,82";67409390625
Spain;1983;"611,3";67409390625
Spain;1984;"722,73";67409390625
Spain;1985;"645,94";67409390625
Spain;1986;"632,01";67409390625
Spain;1987;"754,37";67409390625
Spain;1988;"655,02";67409390625
Spain;1989;"771,47";67409390625
Spain;1990;"564,76";67409390625
Spain;1991;"584,17";67409390625
Spain;1992;"600,23";67409390625
Spain;1993;"607,64";67409390625
Spain;1994;"524,58";67409390625
Spain;1995;"585,55";67409390625
Spain;1996;"851,77";67409390625
Spain;1997;"807,48";67409390625
Spain;1998;"552,37";67409390625
Spain;1999;"617,8";67409390625
Spain;2000;"657,37";67409390625
Spain;2001;"648,13";67409390625
Spain;2002;"692,23";67409390625
Spain;2003;"745,05";67409390625
Spain;2004;"594,04";67409390625
Spain;2005;"474,8";67409390625
Spain;2006;"660,22";67409390625
Spain;2007;"579,68";67409390625
Spain;2008;"710,93";67409390625
Spain;2009;"646,57";67409390625
Spain;2010;"814,71";67409390625
Spain;2011;"573,56";67409390625
Spain;2012;"575,76";67409390625
Spain;2013;"732,81";67409390625
Spain;2014;"709,71";67409390625
Spain;2015;"542,16";67409390625
Spain;2016;"705,44";67409390625
Spain;2017;"495,97";67409390625
Spain;2018;"831,33";67409390625
Spain;2019;"623,2";67409390625
Spain;2020;"679,05";67409390625
Spain;2021;"663,26";67409390625
Spain;2022;"641,7";67409390625
Spain;2023;"585,08";67409390625
Sweden;1961;"767,55";77446171875
Sweden;1962;"723,68";77446171875
Sweden;1963;"695,3";77446171875
Sweden;1964;"719,1";77446171875
Sweden;1965;"752,77";77446171875
Sweden;1966;"781,43";77446171875
Sweden;1967;"825,62";77446171875
Sweden;1968;"674,96";77446171875
Sweden;1969;"640,81";77446171875
Sweden;1970;"758,81";77446171875
Sweden;1971;"766,53";77446171875
Sweden;1972;"791,59";77446171875
Sweden;1973;"748,16";77446171875
Sweden;1974;"832,61";77446171875
Sweden;1975;"693,19";77446171875
Sweden;1976;"596,17";77446171875
Sweden;1977;"787,68";77446171875
Sweden;1978;"689,29";77446171875
Sweden;1979;"787,06";77446171875
Sweden;1980;"713,45";77446171875
Sweden;1981;"788,62";77446171875
Sweden;1982;"716,26";77446171875
Sweden;1983;"784,24";77446171875
Sweden;1984;"800,39";77446171875
Sweden;1985;"859,5";77446171875
Sweden;1986;"767,58";77446171875
Sweden;1987;"821,29";77446171875
Sweden;1988;"791,91";77446171875
Sweden;1989;"739,73";77446171875
Sweden;1990;"842,68";77446171875
Sweden;1991;"737,76";77446171875
Sweden;1992;"786,85";77446171875
Sweden;1993;"804,77";77446171875
Sweden;1994;"649,46";77446171875
Sweden;1995;"751,32";77446171875
Sweden;1996;"674,44";77446171875
Sweden;1997;"707,76";77446171875
Sweden;1998;"915,47";77446171875
Sweden;1999;"815,85";77446171875
Sweden;2000;"943,99";77446171875
Sweden;2001;"817,29";77446171875
Sweden;2002;"695,43";77446171875
Sweden;2003;"709,51";77446171875
Sweden;2004;"779,92";77446171875
Sweden;2005;"771,59";77446171875
Sweden;2006;"821,08";77446171875
Sweden;2007;"771,16";77446171875
Sweden;2008;"805,34";77446171875
Sweden;2009;"782,56";77446171875
Sweden;2010;"764,39";77446171875
Sweden;2011;"868,94";77446171875
Sweden;2012;"928,74";77446171875
Sweden;2013;"724,15";77446171875
Sweden;2014;"787,65";77446171875
Sweden;2015;"886,35";77446171875
Sweden;2016;"734,53";77446171875
Sweden;2017;"826,77";77446171875
Sweden;2018;"635,92";77446171875
Sweden;2019;"849,03";77446171875
Sweden;2020;"854,12";77446171875
Sweden;2021;"810,02";77446171875
Sweden;2022;"770,46";77446171875
Sweden;2023;"868,92";77446171875
Switzerland;1961;"1375,64";16127965625
Switzerland;1962;"1391,25";16127965625
Switzerland;1963;"1544,94";16127965625
Switzerland;1964;"1353,19";16127965625
Switzerland;1965;"1865,21";16127965625
Switzerland;1966;"1737,53";16127965625
Switzerland;1967;"1539,53";16127965625
Switzerland;1968;"1791,93";16127965625
Switzerland;1969;"1453,65";16127965625
Switzerland;1970;"1755,12";16127965625
Switzerland;1971;"1295,94";16127965625
Switzerland;1972;"1464,92";16127965625
Switzerland;1973;"1602,81";16127965625
Switzerland;1974;"1717,96";16127965625
Switzerland;1975;"1475,22";16127965625
Switzerland;1976;"1430,29";16127965625
Switzerland;1977;"1818,78";16127965625
Switzerland;1978;"1692,6";16127965625
Switzerland;1979;"1757,23";16127965625
Switzerland;1980;"1645,01";16127965625
Switzerland;1981;"2018,4";16127965625
Switzerland;1982;"1701,58";16127965625
Switzerland;1983;"1681,48";16127965625
Switzerland;1984;"1600,71";16127965625
Switzerland;1985;"1522,16";16127965625
Switzerland;1986;"1665,67";16127965625
Switzerland;1987;"1771,04";16127965625
Switzerland;1988;"1818,47";16127965625
Switzerland;1989;"1295,08";16127965625
Switzerland;1990;"1543,13";16127965625
Switzerland;1991;"1455,28";16127965625
Switzerland;1992;"1629,65";16127965625
Switzerland;1993;"1698,64";16127965625
Switzerland;1994;"1660,52";16127965625
Switzerland;1995;"1744,02";16127965625
Switzerland;1996;"1588,98";16127965625
Switzerland;1997;"1446,67";16127965625
Switzerland;1998;"1529,39";16127965625
Switzerland;1999;"2023,76";16127965625
Switzerland;2000;"1754,46";16127965625
Switzerland;2001;"1820,17";16127965625
Switzerland;2002;"1857,8";16127965625
Switzerland;2003;"1213,23";16127965625
Switzerland;2004;"1466,94";16127965625
Switzerland;2005;"1372,39";16127965625
Switzerland;2006;"1529,21";16127965625
Switzerland;2007;"1642,89";16127965625
Switzerland;2008;"1698,06";16127965625
Switzerland;2009;"1534,74";16127965625
Switzerland;2010;"1642,7";16127965625
Switzerland;2011;"1431,93";16127965625
Switzerland;2012;"1771,4";16127965625
Switzerland;2013;"1661,3";16127965625
Switzerland;2014;"1663,37";16127965625
Switzerland;2015;"1431,73";16127965625
Switzerland;2016;"1707,61";16127965625
Switzerland;2017;"1600,3";16127965625
Switzerland;2018;"1498,06";16127965625
Switzerland;2019;"1717,59";16127965625
Switzerland;2020;"1526,04";16127965625
Switzerland;2021;"1710,41";16127965625
Switzerland;2022;"1323,52";16127965625
Switzerland;2023;"1764,29";16127965625
Turkey;1961;"603,95";71905890625
Turkey;1962;"619,91";71905890625
Turkey;1963;"886,66";71905890625
Turkey;1964;"655,41";71905890625
Turkey;1965;"823,87";71905890625
Turkey;1966;"757,6";71905890625
Turkey;1967;"807,19";71905890625
Turkey;1968;"912,4";71905890625
Turkey;1969;"852,78";71905890625
Turkey;1970;"703,77";71905890625
Turkey;1971;"847,48";71905890625
Turkey;1972;"843,92";71905890625
Turkey;1973;"634,53";71905890625
Turkey;1974;"680,59";71905890625
Turkey;1975;"719,03";71905890625
Turkey;1976;"799,14";71905890625
Turkey;1977;"639,52";71905890625
Turkey;1978;"730,41";71905890625
Turkey;1979;"781,27";71905890625
Turkey;1980;"750,53";71905890625
Turkey;1981;"833,06";71905890625
Turkey;1982;"647,93";71905890625
Turkey;1983;"764,28";71905890625
Turkey;1984;"629,79";71905890625
Turkey;1985;"696,7";71905890625
Turkey;1986;"703,49";71905890625
Turkey;1987;"822,09";71905890625
Turkey;1988;"849,01";71905890625
Turkey;1989;"592,77";71905890625
Turkey;1990;"587,09";71905890625
Turkey;1991;"747,79";71905890625
Turkey;1992;"675,83";71905890625
Turkey;1993;"666,07";71905890625
Turkey;1994;"705,72";71905890625
Turkey;1995;"729,5";71905890625
Turkey;1996;"776,47";71905890625
Turkey;1997;"738,54";71905890625
Turkey;1998;"726,88";71905890625
Turkey;1999;"637,65";71905890625
Turkey;2000;"642,48";71905890625
Turkey;2001;"725,59";71905890625
Turkey;2002;"675,34";71905890625
Turkey;2003;"708,05";71905890625
Turkey;2004;"660,69";71905890625
Turkey;2005;"723,2";71905890625
Turkey;2006;"683,93";71905890625
Turkey;2007;"646,8";71905890625
Turkey;2008;"543,58";71905890625
Turkey;2009;"825,2";71905890625
Turkey;2010;"762,62";71905890625
Turkey;2011;"720,61";71905890625
Turkey;2012;"781,91";71905890625
Turkey;2013;"604,6";71905890625
Turkey;2014;"709,8";71905890625
Turkey;2015;"749,15";71905890625
Turkey;2016;"732,61";71905890625
Turkey;2017;"648,19";71905890625
Turkey;2018;"791,79";71905890625
Turkey;2019;"717,71";71905890625
Turkey;2020;"612,39";71905890625
Turkey;2021;"654,63";71905890625
Turkey;2022;"632,75";71905890625
Turkey;2023;"798,97";71905890625
Ukraine;1992;"650,33";"6,40918E+15"
Ukraine;1993;"667,25";"6,40918E+15"
Ukraine;1994;"567,49";"6,40918E+15"
Ukraine;1995;"724,63";"6,40918E+15"
Ukraine;1996;"672,75";"6,40918E+15"
Ukraine;1997;"803,36";"6,40918E+15"
Ukraine;1998;"717,53";"6,40918E+15"
Ukraine;1999;"659,49";"6,40918E+15"
Ukraine;2000;"649,41";"6,40918E+15"
Ukraine;2001;"711,23";"6,40918E+15"
Ukraine;2002;"619,75";"6,40918E+15"
Ukraine;2003;"600,69";"6,40918E+15"
Ukraine;2004;"735,15";"6,40918E+15"
Ukraine;2005;"661,93";"6,40918E+15"
Ukraine;2006;"630,07";"6,40918E+15"
Ukraine;2007;"587,11";"6,40918E+15"
Ukraine;2008;"656,69";"6,40918E+15"
Ukraine;2009;"602,4";"6,40918E+15"
Ukraine;2010;"696,4";"6,40918E+15"
Ukraine;2011;"516,26";"6,40918E+15"
Ukraine;2012;"620,16";"6,40918E+15"
Ukraine;2013;"627,34";"6,40918E+15"
Ukraine;2014;"572,61";"6,40918E+15"
Ukraine;2015;"558,15";"6,40918E+15"
Ukraine;2016;"709,54";"6,40918E+15"
Ukraine;2017;"597,15";"6,40918E+15"
Ukraine;2018;"594,38";"6,40918E+15"
Ukraine;2019;"539,3";"6,40918E+15"
Ukraine;2020;"572,16";"6,40918E+15"
Ukraine;2021;"716,55";"6,40918E+15"
Ukraine;2022;"657,92";"6,40918E+15"
Ukraine;2023;"701,11";"6,40918E+15"
United Kingdom;1961;"872,96";10199534375
United Kingdom;1962;"860,12";10199534375
United Kingdom;1963;"856,51";10199534375
United Kingdom;1964;"812,61";10199534375
United Kingdom;1965;"984,33";10199534375
United Kingdom;1966;"985,86";10199534375
United Kingdom;1967;"1027,93";10199534375
United Kingdom;1968;"1011,06";10199534375
United Kingdom;1969;"897,86";10199534375
United Kingdom;1970;"1012,06";10199534375
United Kingdom;1971;"897,34";10199534375
United Kingdom;1972;"962,26";10199534375
United Kingdom;1973;"837,72";10199534375
United Kingdom;1974;"1080,37";10199534375
United Kingdom;1975;"862,88";10199534375
United Kingdom;1976;"888,14";10199534375
United Kingdom;1977;"997,97";10199534375
United Kingdom;1978;"984,94";10199534375
United Kingdom;1979;"1076,87";10199534375
United Kingdom;1980;"1087,3";10199534375
United Kingdom;1981;"1084,95";10199534375
United Kingdom;1982;"1105,55";10199534375
United Kingdom;1983;"1008,62";10199534375
United Kingdom;1984;"978,28";10199534375
United Kingdom;1985;"1048,47";10199534375
United Kingdom;1986;"1120,12";10199534375
United Kingdom;1987;"1008,7";10199534375
United Kingdom;1988;"1060,97";10199534375
United Kingdom;1989;"958,92";10199534375
United Kingdom;1990;"1042,98";10199534375
United Kingdom;1991;"913,32";10199534375
United Kingdom;1992;"1086,91";10199534375
United Kingdom;1993;"1035,7";10199534375
United Kingdom;1994;"1076,51";10199534375
United Kingdom;1995;"921,25";10199534375
United Kingdom;1996;"875,4";10199534375
United Kingdom;1997;"950,38";10199534375
United Kingdom;1998;"1168,2";10199534375
United Kingdom;1999;"1125,19";10199534375
United Kingdom;2000;"1217,78";10199534375
United Kingdom;2001;"976,83";10199534375
United Kingdom;2002;"1133,5";10199534375
United Kingdom;2003;"845,18";10199534375
United Kingdom;2004;"1072,09";10199534375
United Kingdom;2005;"967,06";10199534375
United Kingdom;2006;"1051,73";10199534375
United Kingdom;2007;"1072,45";10199534375
United Kingdom;2008;"1157,95";10199534375
United Kingdom;2009;"1078,21";10199534375
United Kingdom;2010;"874,6";10199534375
United Kingdom;2011;"1024,9";10199534375
United Kingdom;2012;"1222,37";10199534375
United Kingdom;2013;"975,31";10199534375
United Kingdom;2014;"1175,59";10199534375
United Kingdom;2015;"1134,1";10199534375
United Kingdom;2016;"996,19";10199534375
United Kingdom;2017;"1022,85";10199534375
United Kingdom;2018;"972,49";10199534375
United Kingdom;2019;"1142,66";10199534375
United Kingdom;2020;"1178,74";10199534375
United Kingdom;2021;"1061,31";10199534375
United Kingdom;2022;"1030,79";10199534375
United Kingdom;2023;"1176,58";10199534375
