Year;Actual;Predicted;Type
1961;7213;10314.327652007913;Train
1961;16034;13503.745645135565;Train
1961;24300;24311.830809225634;Train
1961;20601;16652.540942681142;Train
1961;13739;17433.959745515458;Train
1961;10747;10830.179659040215;Train
1961;18059;23933.500842012454;Train
1961;22479;22379.826887859992;Train
1961;16099;12926.924369339658;Train
1961;22930;22294.99910574555;Train
1961;9558;11198.29422085656;Train
1961;17630;19789.623803812716;Train
1961;9754;10554.27079988732;Train
1961;19781;19019.641459618375;Train
1961;24873;24755.98875972576;Train
1961;11813;10859.534883447763;Train
1961;10383;10820.103416661756;Train
1961;6807;10835.239875698368;Train
1961;7121;10859.534883447763;Train
1961;28040;26637.991670339125;Train
1961;9560;10818.781268729817;Train
1962;9453;10381.05454222755;Train
1962;5434;7935.428970986331;Train
1962;12995;13708.865737088017;Train
1962;22737;22951.910857092324;Train
1962;15529;13452.436082198976;Train
1962;18246;21775.875158115534;Train
1962;23000;24485.133442421575;Train
1962;8780;10566.58136200044;Train
1962;19045;19838.054739965526;Train
1962;22508;23955.45952900698;Train
1962;7171;10355.412680474476;Train
1962;10160;10867.674297234222;Train
1962;8522;10761.265883140106;Train
1962;10877;11209.528193020737;Train
1962;8344;10839.725764521465;Train
1962;9013;10845.60740641715;Train
1962;12903;16899.933582134283;Train
1962;18711;19503.006805655245;Train
1962;30497;27772.77352696387;Train
1962;25007;25242.543735173505;Train
1962;18780;17264.24499416426;Train
1963;23581;22824.788941811617;Train
1963;8113;10774.4860332387;Train
1963;15799;13985.544676333977;Train
1963;28784;29247.838850639186;Train
1963;10723;10093.954141986398;Train
1963;7676;8022.289845797632;Train
1963;9624;10824.892739450788;Train
1963;8737;10868.70354512491;Train
1963;11359;10219.578456412233;Train
1963;12356;10870.790732453774;Train
1963;8112;10375.595229022205;Train
1963;21545;23099.133078733663;Train
1963;23751;24625.729232478752;Train
1963;21778;23439.38749131499;Train
1963;20827;19696.228308666017;Train
1963;11429;11192.442403018073;Train
1963;23242;18871.879903073073;Train
1963;23144;22319.293930385167;Train
1963;18927;16552.481878310897;Train
1963;26500;25649.27950469147;Train
1963;15943;16521.050098223874;Train
1964;20684;24520.41817732013;Train
1964;22307;19759.09306432106;Train
1964;8229;10704.04469369397;Train
1964;21825;23852.18818853051;Train
1964;10744;10411.622578334955;Train
1964;11649;10905.472551834042;Train
1964;16737;14313.338982309959;Train
1964;12186;10866.041025461283;Train
1964;11724;11222.685327765474;Train
1964;9039;8242.427017123677;Train
1964;26800;26458.089944714502;Train
1964;22534;22693.48195118897;Train
1964;11958;17159.447724677404;Train
1964;16406;22661.463308250823;Train
1964;20981;23890.676565714948;Train
1964;21376;18919.46227044892;Train
1964;32990;29217.660282109562;Train
1964;10469;10634.568856007849;Train
1964;9337;10885.53621252915;Train
1964;7861;10888.609768334918;Train
1964;16914;14104.573618214963;Train
1965;5754;9014.88848981154;Train
1965;11586;11228.56112035936;Train
1965;7783;10965.50468038162;Train
1965;8778;10319.991523155697;Train
1965;23066;20952.55795893478;Train
1965;9277;10941.492229511598;Train
1965;7039;12545.42822672387;Train
1965;7188;10835.577413224446;Train
1965;17567;23841.801790957437;Train
1965;23100;27861.523643077915;Train
1965;25335;24052.473369210635;Train
1965;23475;23146.521766328264;Train
1965;25890;28895.83662035348;Train
1965;20519;26115.7095524559;Train
1965;24847;20095.023309075685;Train
1965;10191;10445.315940378201;Train
1965;23358;25511.56853546082;Train
1965;19515;14081.956122578998;Train
1965;17296;18053.041158322583;Train
1965;11071;10900.261797089588;Train
1965;15429;13964.889139904744;Train
1966;15752;17592.96476408895;Train
1966;12346;11188.92100128042;Train
1966;31560;29017.64104335113;Train
1966;11808;11087.869195444611;Train
1966;24761;26754.87136271836;Train
1966;9683;10425.738234188113;Train
1966;22206;26155.659608301867;Train
1966;11667;11412.94866493871;Train
1966;11114;10382.079591093066;Train
1966;24933;22621.121568920764;Train
1966;8732;7998.457397828917;Train
1966;9135;10270.936401589548;Train
1966;24371;24210.380468146577;Train
1966;12266;11104.221104883442;Train
1966;22016;17192.865638595016;Train
1966;24430;23258.8324566834;Train
1966;10564;10616.608734029907;Train
1966;16890;13865.524175880073;Train
1966;26900;28263.0617129539;Train
1966;24772;23465.95924712274;Train
1966;19762;14360.73524201277;Train
1967;8934;11259.89398397593;Train
1967;25613;23388.261212754373;Train
1967;10920;10785.416156488403;Train
1967;20190;17662.443562559307;Train
1967;35029;31787.236546465338;Train
1967;25381;25508.29992135293;Train
1967;10620;11210.351647298157;Train
1967;9613;11170.225803517109;Train
1967;13653;20352.151082063563;Train
1967;11416;13361.000980248806;Train
1967;22782;24459.55617727493;Train
1967;17589;12818.762102757908;Train
1967;25113;24589.716261209283;Train
1967;11825;10820.089239209763;Train
1967;7237;10212.51038315267;Train
1967;27054;28013.247990740183;Train
1967;20100;23747.472559163198;Train
1967;29600;29127.805349243357;Train
1967;23709;22621.09307311492;Train
1967;11935;11095.764934246012;Train
1967;11733;11403.693250033657;Train
1968;34370;31656.611008067932;Train
1968;8915;12082.27894409909;Train
1968;21328;20565.445141137752;Train
1968;30000;29740.64093244937;Train
1968;25585;23106.634521065127;Train
1968;26390;20483.575217889935;Train
1968;7248;8398.554201572264;Train
1968;10081;10781.125041448762;Train
1968;27396;28313.633080220723;Train
1968;11200;11076.267242252019;Train
1968;24654;24559.07958618397;Train
1968;12412;10582.44817847064;Train
1968;23976;24198.458164260832;Train
1968;14081;17080.93426723706;Train
1968;18488;17553.714339193542;Train
1968;23910;25207.988720754194;Train
1968;11897;11122.787114394083;Train
1968;12196;11408.784050103606;Train
1968;11144;10779.867853598855;Train
1968;26666;24219.9962557905;Train
1968;11896;14226.171756188873;Train
1969;21537;20955.007730013043;Train
1969;25050;23922.885494615948;Train
1969;5574;7618.278151476757;Train
1969;16530;17799.486149612065;Train
1969;10415;10435.585874495257;Train
1969;32372;32101.672427083766;Train
1969;12223;11542.678482445472;Train
1969;20676;18763.386384375983;Train
1969;30100;30021.383327099607;Train
1969;26122;24551.085365109102;Train
1969;26335;31862.53815911288;Train
1969;17674;18755.24514558725;Train
1969;12716;11180.645551356625;Train
1969;12347;11522.841403020775;Train
1969;12201;13327.138191485265;Train
1969;12981;10715.992764091758;Train
1969;20800;24669.687136600278;Train
1969;6746;10816.989227539778;Train
1969;13390;16804.286147562387;Train
1969;26251;24297.760767206273;Train
1969;11346;12545.747403796948;Train
1970;12903;11748.737179681688;Train
1970;18900;18922.87279554295;Train
1970;5469;7745.174230503708;Train
1970;35649;31921.730206540848;Train
1970;28685;23641.768185650333;Train
1970;31500;31030.419654817793;Train
1970;25841;29090.14020779544;Train
1970;12141;12981.69922787881;Train
1970;10727;10880.529869160182;Train
1970;23189;25808.829225076046;Train
1970;12805;11206.229733131224;Train
1970;27636;24656.048584750406;Train
1970;6855;10779.810593633812;Train
1970;10418;13226.737523168342;Train
1970;12355;11624.193921128626;Train
1970;27874;23130.512039949637;Train
1970;24598;24542.454838249192;Train
1970;18411;18698.023373212378;Train
1970;25574;24368.803657275606;Train
1970;22218;21588.337274164292;Train
1970;13355;11310.26773342406;Train
1971;20288;23351.73311558641;Train
1971;14057;13232.458528390625;Train
1971;6330;8400.978053444447;Train
1971;11572;13157.574258843528;Train
1971;14910;19294.49032577303;Train
1971;13072;11446.797720361896;Train
1971;22812;24334.839630884853;Train
1971;16127;18177.9325585528;Train
1971;12334;11387.990851414286;Train
1971;27659;32330.66635563196;Train
1971;13722;12301.373014416773;Train
1971;25797;24626.100070990757;Train
1971;37313;32513.31795575135;Train
1971;24877;21606.256181830406;Train
1971;10186;11308.311563942669;Train
1971;24577;20451.04364142374;Train
1971;12354;11301.179340357732;Train
1971;25006;24119.235386635224;Train
1971;28896;24357.715213396823;Train
1971;37700;28400.164809667236;Train
1971;12426;11664.110750685539;Train
1972;13174;11575.93654826397;Train
1972;31700;30702.69417764528;Train
1972;23877;22505.480080726513;Train
1972;25100;24147.081748182613;Train
1972;5320;7741.724959078558;Train
1972;18349;22412.707339148237;Train
1972;15065;18526.59636612511;Train
1972;11748;10966.226501840418;Train
1972;12372;15291.274641306678;Train
1972;23641;24412.677764407308;Train
1972;22056;24511.145852424874;Train
1972;13152;10803.379288406242;Train
1972;24255;26969.805142709873;Train
1972;27785;24421.499241510068;Train
1972;9998;10763.835010661822;Train
1972;12897;12729.882739909634;Train
1972;25322;24972.45997444562;Train
1972;23196;24544.73043217745;Train
1972;37488;33102.84593528849;Train
1972;12644;11686.06328200001;Train
1972;15204;10598.679560001843;Train
1973;12091;13218.571753348097;Train
1973;9787;11078.73378541451;Train
1973;30303;24283.749558300264;Train
1973;36400;35161.46538638649;Train
1973;12222;11852.327811030938;Train
1973;14607;18052.755123997933;Train
1973;13640;11624.2444787053;Train
1973;8871;11661.937373262625;Train
1973;22173;24454.05717233584;Train
1973;36829;33473.01370353032;Train
1973;24501;21718.039589935433;Train
1973;25139;24543.796461524915;Train
1973;27917;29233.157153751043;Train
1973;13679;13062.03871996042;Train
1973;6090;8255.923783849108;Train
1973;22960;24138.181930081897;Train
1973;19388;20855.994408065464;Train
1973;23142;25422.057045352063;Train
1973;15862;12349.030963872337;Train
1973;20959;20844.157733315045;Train
1973;10936;15080.439767908307;Train
1974;31668;24393.208507168023;Train
1974;25354;25759.612200929645;Train
1974;24255;24208.656848025228;Train
1974;27000;25328.114953195858;Train
1974;18078;23863.982589193878;Train
1974;23873;20375.1624839638;Train
1974;6710;8381.653101595608;Train
1974;13984;11770.870760245623;Train
1974;28502;24718.99971555272;Train
1974;12297;12061.1289691094;Train
1974;12591;15950.007689566874;Train
1974;27959;23018.889825703412;Train
1974;10981;12742.675372009058;Train
1974;27815;29192.020064261116;Train
1974;9884;10995.243349536062;Train
1974;13893;13184.790431904092;Train
1974;42918;32652.268434392015;Train
1974;15699;12116.974598559173;Train
1974;38700;33816.76045473527;Train
1974;13270;11794.163433512911;Train
1974;11057;23242.07214961557;Train
1975;23069;19350.79108402689;Train
1975;12538;15335.8684181064;Train
1975;22271;20058.300196283137;Train
1975;22846;23650.901989086346;Train
1975;13872;11941.556704862367;Train
1975;8905;12352.992430142887;Train
1975;6968;11150.415035304119;Train
1975;25086;30167.579892746788;Train
1975;15324;13448.837281935159;Train
1975;36585;32597.627142083344;Train
1975;18720;24071.758787191946;Train
1975;9483;11166.68160735279;Train
1975;19021;24350.424267634018;Train
1975;16232;12298.949812736322;Train
1975;13989;12427.025390211567;Train
1975;14012;18009.07152797597;Train
1975;19915;21676.990307148055;Train
1975;10593;12952.19989524344;Train
1975;17990;20949.14477419526;Train
1975;33098;33411.32222675103;Train
1975;23466;24166.04879764371;Train
1976;17469;20027.318694657173;Train
1976;24900;29459.95846798694;Train
1976;7419;9230.787321371821;Train
1976;20256;19808.968459066436;Train
1976;12066;13671.359926562704;Train
1976;20082;24553.27103700567;Train
1976;23816;24356.405105324924;Train
1976;16837;11297.341560303234;Train
1976;30196;33172.913096691875;Train
1976;23229;20445.623892624368;Train
1976;15379;16661.35562291139;Train
1976;15662;13569.043824894909;Train
1976;21572;23985.123977516505;Train
1976;12094;15529.782672188858;Train
1976;15323;13578.534335763754;Train
1976;17987;19528.602100286826;Train
1976;16387;23552.56458139299;Train
1976;15914;14176.90800117186;Train
1976;31400;29426.05979801579;Train
1976;14480;12853.645423933349;Train
1976;7976;11356.012459338568;Train
1977;21963;24680.91328977369;Train
1977;9532;10658.193905967515;Train
1977;15556;14273.196832085436;Train
1977;25156;24228.277458651268;Train
1977;29700;33658.91089219652;Train
1977;34300;33901.02126702432;Train
1977;16887;23861.644735851667;Train
1977;11318;13698.284481787841;Train
1977;7548;11281.261322897322;Train
1977;14607;13157.395594844282;Train
1977;24987;24882.75321310053;Train
1977;16610;16409.87054551191;Train
1977;13479;15364.97900130375;Train
1977;26141;20958.402014624447;Train
1977;15873;20512.876980628444;Train
1977;28539;24774.331570369017;Train
1977;28660;25283.882357051;Train
1977;14636;13861.245499816898;Train
1977;22463;24390.61846518531;Train
1977;26945;25084.209255443107;Train
1977;13744;13374.372991318045;Train
1978;22793;24825.87894853097;Train
1978;37200;35592.729963207625;Train
1978;14139;15776.615573227704;Train
1978;9458;10800.666787975955;Train
1978;24619;24775.09401212666;Train
1978;10613;13999.061235045438;Train
1978;14444;13362.410069192125;Train
1978;19769;23469.9760547604;Train
1978;16235;16433.378889752545;Train
1978;34241;25204.227181005852;Train
1978;14622;17313.784417772662;Train
1978;29911;24299.837391433204;Train
1978;16833;18220.737190087115;Train
1978;16487;18195.72579926154;Train
1978;38572;35387.13920972706;Train
1978;24468;25055.39731589685;Train
1978;15278;14425.111476593576;Train
1978;26926;26771.225857564124;Train
1978;7677;9393.64595779984;Train
1978;27077;26908.366837407346;Train
1978;27076;23739.060337193383;Train
1979;10876;16867.83191399451;Train
1979;15893;13575.134407926373;Train
1979;14427;15201.366044864077;Train
1979;30738;27229.796189103243;Train
1979;23665;26931.198266000658;Train
1979;22244;24280.400987460147;Train
1979;25732;24782.956567999856;Train
1979;20311;21781.682226991146;Train
1979;9473;10693.51862094926;Train
1979;17895;18309.035053218468;Train
1979;37772;35648.67367571559;Train
1979;15787;19635.08981964555;Train
1979;36300;35595.20179701094;Train
1979;25685;26915.77080201668;Train
1979;26618;24477.74932686519;Train
1979;7665;9502.67925273244;Train
1979;16982;14755.901050042981;Train
1979;31867;26969.587517206914;Train
1979;15365;16569.99150481396;Train
1979;25955;27027.330315577157;Train
1979;15536;13145.784809735187;Train
1980;16393;14852.850556551817;Train
1980;9761;11690.79268778493;Train
1980;14998;24091.37872911849;Train
1980;8598;15176.666562248856;Train
1980;20933;25471.678448353927;Train
1980;18120;18179.034449792554;Train
1980;36413;35975.86829692634;Train
1980;18000;18460.327394547832;Train
1980;16677;14226.786752545799;Train
1980;34490;25186.826667575315;Train
1980;28924;27134.699855266;Train
1980;26604;25609.306016684448;Train
1980;21154;24946.923791230747;Train
1980;16153;13600.617825687636;Train
1980;27973;27167.300696826875;Train
1980;6061;8943.737078706024;Train
1980;25034;24302.803031275434;Train
1980;34601;35495.817042629125;Train
1980;11260;23648.050863095486;Train
1980;24043;24764.208169291258;Train
1980;13763;14289.274536371331;Train
1981;14885;15085.385032274475;Train
1981;17032;15928.86024529162;Train
1981;29401;27264.834400476488;Train
1981;19000;24623.109350457566;Train
1981;29060;23910.052694184764;Train
1981;16667;14876.23035359614;Train
1981;39072;36290.67249658463;Train
1981;26015;25223.898247486024;Train
1981;26386;25041.945736750746;Train
1981;7865;11783.003634750297;Train
1981;11051;14877.091210108689;Train
1981;18852;23764.927856405575;Train
1981;18768;17978.962523033148;Train
1981;18280;15677.419327212252;Train
1981;7175;9244.225968921517;Train
1981;24144;26874.946632610896;Train
1981;32314;27608.07400574537;Train
1981;30515;26593.287122040812;Train
1981;15962;13572.14122694093;Train
1981;42602;37334.106602749285;Train
1981;12949;22684.505470874923;Train
1982;35616;24951.723969441216;Train
1982;17386;16415.21955859575;Train
1982;15435;13709.869762384398;Train
1982;35807;28272.94473990112;Train
1982;8687;11772.156255984008;Train
1982;25525;25519.51837442448;Train
1982;37472;36272.82645634068;Train
1982;21737;25399.619177967725;Train
1982;6487;11681.890242061674;Train
1982;16102;16187.830704093169;Train
1982;25515;25479.16504120784;Train
1982;14671;18781.79647276013;Train
1982;39502;37370.19451001073;Train
1982;16468;15706.153943670577;Train
1982;24547;24891.252007247087;Train
1982;17324;18069.41166108915;Train
1982;11626;15769.197833719803;Train
1982;16667;15094.583729367288;Train
1982;15373;18076.38193443644;Train
1982;23235;23943.70552845741;Train
1982;32336;23015.242096054197;Train
1983;28008;25178.57315034026;Train
1983;15185;13841.936058053492;Train
1983;17748;21785.782147173868;Train
1983;8774;11420.287245293697;Train
1983;10456;14905.877919665216;Train
1983;33132;36035.06355979579;Train
1983;30180;27938.782830381206;Train
1983;15529;19159.018627240974;Train
1983;18241;25778.16002980181;Train
1983;16487;15395.939888979718;Train
1983;19455;14171.962727428794;Train
1983;19731;24064.57401298798;Train
1983;30000;35723.80390536332;Train
1983;17047;16953.508857697158;Train
1983;24918;25407.78480689117;Train
1983;7652;11659.93074465702;Train
1983;24479;26353.394856851955;Train
1983;15948;18793.103662572703;Train
1983;17734;16168.071771193496;Train
1983;26050;27997.628577474996;Train
1983;23262;26556.457985884877;Train
1984;41698;36433.14712363429;Train
1984;17661;18135.193981790293;Train
1984;39802;36927.34180804787;Train
1984;18041;18485.78925951962;Train
1984;10572;15409.992025925074;Train
1984;30278;28797.470625753962;Train
1984;8562;11801.038132067897;Train
1984;6294;10936.396334182557;Train
1984;20480;16328.701982357292;Train
1984;32546;29470.112935775316;Train
1984;24370;24691.953006313404;Train
1984;17209;14078.758335817807;Train
1984;25857;25463.801656486452;Train
1984;37046;29507.9400031191;Train
1984;27542;25679.329226937793;Train
1984;16863;15842.327960461642;Train
1984;17814;16532.094034353242;Train
1984;20198;16934.791418310302;Train
1984;17439;19225.367455091407;Train
1984;36096;25690.734239002362;Train
1984;27283;27332.42188065106;Train
1985;27631;25622.93450663697;Train
1985;5667;9741.148740614391;Train
1985;17911;14171.517235885733;Train
1985;32791;29238.80947703062;Train
1985;42339;37234.3835631848;Train
1985;17444;24562.771919016635;Train
1985;32446;27375.851898557197;Train
1985;19815;16660.331531670654;Train
1985;11027;15430.665079628263;Train
1985;24275;25383.060300122408;Train
1985;36205;25237.923383500034;Train
1985;19621;16207.055388791212;Train
1985;35859;29979.236355533656;Train
1985;20658;17949.544369688436;Train
1985;9194;11443.525445178186;Train
1985;38798;37097.43712153282;Train
1985;17962;18169.195652272098;Train
1985;20788;23812.979895895154;Train
1985;17441;18007.24247879561;Train
1985;29325;27602.463265060396;Train
1985;18286;16530.082277165417;Train
1986;36779;23993.365094108976;Train
1986;36596;36075.37132590171;Train
1986;26259;28187.486901871856;Train
1986;19434;22856.6505340428;Train
1986;19624;18598.40267689111;Train
1986;41074;37319.659763774725;Train
1986;15760;15141.827542362833;Train
1986;31042;29975.42239180198;Train
1986;18663;16445.800937061027;Train
1986;20295;23859.65742973459;Train
1986;23380;25424.95884916785;Train
1986;7857;10500.755043691286;Train
1986;12436;15198.758142444096;Train
1986;12885;12589.812681488513;Train
1986;18546;16745.51329227773;Train
1986;28186;25275.46500755644;Train
1986;31083;29221.282736567566;Train
1986;17269;14390.802469044489;Train
1986;19100;18231.29013169753;Train
1986;20410;17103.980659285568;Train
1986;35841;28730.99194804814;Train
1987;29221;28604.05375811755;Train
1987;8643;14647.292527157566;Train
1987;34884;29216.30527320785;Train
1987;18765;18482.722578169796;Train
1987;16008;15893.924380549433;Train
1987;22173;17102.055943551957;Train
1987;25771;24798.094454735063;Train
1987;21579;25455.074898149374;Train
1987;18744;24215.15349467445;Train
1987;44879;37485.81088766129;Train
1987;13095;11919.334114405412;Train
1987;32342;24311.079798941886;Train
1987;11763;18191.088455952737;Train
1987;6357;9940.209855055882;Train
1987;13065;14860.349804791376;Train
1987;32399;36803.05882560646;Train
1987;37829;30098.771928428887;Train
1987;18296;16832.7511452135;Train
1987;18820;14466.186141779497;Train
1987;24747;29248.686578292734;Train
1987;23003;26488.495268597595;Train
1988;41974;37057.728647253236;Train
1988;37318;25206.490982222076;Train
1988;19074;19741.13019108481;Train
1988;29717;28476.319537523224;Train
1988;41000;37778.328571738006;Train
1988;36622;29719.86020421991;Train
1988;22397;17001.798232550842;Train
1988;35634;31087.663284258982;Train
1988;16057;14430.822556016275;Train
1988;9785;15401.266745895191;Train
1988;38074;29800.8589011119;Train
1988;11114;14014.588495104856;Train
1988;5000;10996.420966256763;Train
1988;18599;24244.70855299332;Train
1988;26157;25555.595283990046;Train
1988;18127;16879.173554317575;Train
1988;10719;12570.567943651398;Train
1988;30229;25320.68637483743;Train
1988;18502;16115.81303269642;Train
1988;24669;23845.221708478708;Train
1988;18423;17251.552404422433;Train
1989;10778;12166.802495531843;Train
1989;19716;16255.90448260936;Train
1989;20500;17049.930468615472;Train
1989;21904;19640.772280836067;Train
1989;34966;29776.1779795509;Train
1989;36959;23605.624986443177;Train
1989;22429;24975.292190853186;Train
1989;26497;26979.021285999916;Train
1989;13762;15065.14788155442;Train
1989;35826;29769.80728049122;Train
1989;41532;35933.053323280044;Train
1989;12578;14035.897476110325;Train
1989;19295;14456.090884929305;Train
1989;38500;31390.47436669611;Train
1989;21711;17115.989479537904;Train
1989;18505;19615.484910622923;Train
1989;18601;16062.370116892804;Train
1989;26099;23021.304912587024;Train
1989;28508;27927.228390086464;Train
1989;24229;25172.774595581323;Train
1989;11268;11118.092707181448;Train
1990;17077;17601.845724017796;Train
1990;25751;25327.806675203523;Train
1990;19785;17197.552942993578;Train
1990;10499;16523.704688345904;Train
1990;19649;18645.92292675112;Train
1990;40138;38693.40434464483;Train
1990;18947;20315.369080502936;Train
1990;22437;23490.81959469521;Train
1990;24985;27000.869801006185;Train
1990;36516;37713.2390149662;Train
1990;24897;25970.34180835181;Train
1990;21498;25194.23804330266;Train
1990;25776;31475.705540558694;Train
1990;6667;11437.47656522849;Train
1990;29079;30825.475517962972;Train
1990;37902;40016.55144111719;Train
1990;37458;32409.62676892527;Train
1990;11000;16902.832585710614;Train
1990;34803;29884.226769368794;Train
1990;19162;21637.689102363835;Train
1990;11160;15925.031464798287;Train
1991;12651;16152.644206595734;Train
1991;33614;30553.622179148464;Train
1991;18566;21432.431928424874;Train
1991;27854;29368.509541630534;Train
1991;35407;35743.01106342457;Train
1991;16759;14997.79115421986;Train
1991;38671;38744.484395899184;Train
1991;23637;27941.69199711303;Train
1991;19467;18149.044515867114;Train
1991;29161;29323.30141615969;Train
1991;23065;24061.790848457927;Train
1991;32163;33117.39893069933;Train
1991;39879;38071.275800279844;Train
1991;7973;12462.78322153332;Train
1991;14475;14157.907819338907;Train
1991;11702;17215.717425645824;Train
1991;22749;25181.053354436208;Train
1991;20011;27774.212584918165;Train
1991;7782;11185.882141503631;Train
1991;29846;31569.124548024804;Train
1991;20218;19974.796977414437;Train
1992;36543;34633.65585749814;Train
1992;40817;40451.96490060314;Train
1992;16850;13027.18386544935;Train
1992;11891;15758.79699425418;Train
1992;8292;11419.58969162768;Train
1992;13309;15707.7854356137;Train
1992;30193;33268.95935971064;Train
1992;14451;14126.784500354155;Train
1992;26773;25060.63937990749;Train
1992;33008;30267.116593943898;Train
1992;20146;17445.964620060873;Train
1992;42285;39727.58045934614;Train
1992;33154;32032.627155001795;Train
1992;22347;26937.9910430108;Train
1992;23605;23256.208044554474;Train
1992;20432;20116.630608642394;Train
1992;43387;37808.25624833495;Train
1992;19289;21893.122026867568;Train
1992;7902;12729.218430017525;Train
1992;12100;19720.223829612005;Train
1992;12048;13971.679980272987;Train
1992;9492;13828.839030351268;Train
1992;11533;21278.42006627911;Train
1992;28869;27222.432431704685;Train
1992;11896;12688.070318854467;Train
1992;22659;21963.56584659183;Train
1992;11826;11990.756946006723;Train
1992;14326;16489.659147876326;Train
1993;14501;13672.823290777638;Train
1993;22457;22069.406861570184;Train
1993;18375;17344.151584509636;Train
1993;12643;13814.60955258869;Train
1993;36008;35515.18718241671;Train
1993;20248;18930.090610489722;Train
1993;7844;13607.35490695813;Train
1993;14541;13215.07451146712;Train
1993;13310;13561.565835970769;Train
1993;13942;16102.56289496066;Train
1993;15546;17256.386985842957;Train
1993;28493;27552.504062496562;Train
1993;12574;25026.100489964552;Train
1993;9081;11518.184835723083;Train
1993;14895;13925.39392668137;Train
1993;24960;25199.460653135466;Train
1993;9845;11304.716402243535;Train
1993;37510;32487.879003690654;Train
1993;39254;35815.46091916596;Train
1993;21352;21683.79964242255;Train
1993;43926;39193.393584304766;Train
1993;38678;29762.94226891587;Train
1993;20600;17036.94983480383;Train
1993;24232;23538.60355382941;Train
1993;13696;12661.400088003304;Train
1993;26343;27366.961215938576;Train
1993;43766;41646.8726496559;Train
1993;41579;39835.113897619776;Train
1994;23085;25178.413347061174;Train
1994;17268;22019.41614578515;Train
1994;19965;24446.336371076974;Train
1994;30000;27784.21324865896;Train
1994;12767;14235.632713468489;Train
1994;32951;34924.79392814252;Train
1994;33174;37846.545408162296;Train
1994;19234;17557.987551049373;Train
1994;33530;32709.813784309434;Train
1994;32218;29688.492801335367;Train
1994;20048;19469.439999084643;Train
1994;11824;15211.32865126381;Train
1994;8140;12336.356220873702;Train
1994;8489;14343.772801671967;Train
1994;10507;11608.006171249186;Train
1994;13585;17017.003606897797;Train
1994;9411;13080.435456303167;Train
1994;14096;13776.51221316735;Train
1994;41450;41321.452235374716;Train
1994;14495;16100.395000635248;Train
1994;11853;12660.99598934846;Train
1994;23378;23001.077389542195;Train
1994;39996;39877.56158600605;Train
1994;12996;13717.444419350797;Train
1994;10545;12530.484798150695;Train
1994;22919;23901.0081462845;Train
1994;34838;29824.845627133524;Train
1994;19880;21715.04838332907;Train
1995;15775;15873.22442348546;Train
1995;22105;23037.04709299261;Train
1995;37450;39289.2615322665;Train
1995;11662;11592.187357012135;Train
1995;20059;18914.659808208442;Train
1995;26795;25964.67295828402;Train
1995;27589;28597.24928364329;Train
1995;14846;15929.275986216502;Train
1995;33964;30932.24638716699;Train
1995;12799;13553.151401893396;Train
1995;34735;32782.82465272068;Train
1995;35294;37780.495831554384;Train
1995;18991;23878.09943360676;Train
1995;12361;12579.051290996867;Train
1995;13109;14776.117506552973;Train
1995;9623;12374.480682409352;Train
1995;16351;17138.60811075699;Train
1995;23771;23609.473948273848;Train
1995;31406;34641.724953587436;Train
1995;14559;13631.081559727596;Train
1995;41006;41084.3632843061;Train
1995;10416;15803.101500693774;Train
1995;30679;30284.352476445336;Train
1995;23289;22945.323956086777;Train
1995;18999;17775.453110773735;Train
1995;11132;10900.83943975904;Train
1995;22236;25124.6280628119;Train
1995;11470;13219.21352571295;Train
1996;40744;40138.496793973754;Train
1996;20283;17619.395005665472;Train
1996;23576;25499.020299505693;Train
1996;22003;22559.021026876224;Train
1996;20058;20151.112868232038;Train
1996;8062;11250.87665458123;Train
1996;14176;13354.131984559192;Train
1996;48722;42242.525644199995;Train
1996;43681;41624.095692537674;Train
1996;13976;12725.682332710665;Train
1996;13747;13463.930698236532;Train
1996;30165;28446.935630232776;Train
1996;23132;25182.276420680613;Train
1996;36750;27271.238520456307;Train
1996;14581;15991.982018166962;Train
1996;32812;31376.465518268466;Train
1996;36175;36633.74366172959;Train
1996;39010;35944.06686927209;Train
1996;10163;17622.088656105352;Train
1996;15133;16559.549834567457;Train
1996;22467;31112.230770772698;Train
1996;21192;18964.00260208721;Train
1996;16315;13782.557269442663;Train
1996;11886;12297.37789874673;Train
1996;19300;23937.030167821977;Train
1996;21201;18311.99029822727;Train
1996;29200;26852.383390472056;Train
1996;10614;10941.620030748432;Train
1997;10987;11877.551573401925;Train
1997;20478;22093.840292415287;Train
1997;10454;11203.694088043278;Train
1997;25934;27880.68658682671;Train
1997;12664;12806.445393494516;Train
1997;19177;19519.088244252896;Train
1997;22714;22568.95916478025;Train
1997;9917;16866.886731891696;Train
1997;33901;31209.56873801946;Train
1997;38406;38350.1498850836;Train
1997;42966;40486.52886605665;Train
1997;44319;42740.99198527776;Train
1997;22261;22962.12803588475;Train
1997;28833;28477.504510054147;Train
1997;9812;13612.57362002781;Train
1997;39615;28118.862492151813;Train
1997;12415;13389.16718504936;Train
1997;21682;19293.740314823204;Train
1997;45916;38453.18518738161;Train
1997;24182;24451.190394334866;Train
1997;15903;17447.45619186185;Train
1997;26234;25319.03463703616;Train
1997;12395;15656.192156520583;Train
1997;10588;12533.158627175793;Train
1997;39785;37487.58395752586;Train
1997;13595;13428.65594577474;Train
1997;17934;17507.3597717411;Train
1997;15097;13720.220824009211;Train
1998;20247;19869.183027806226;Train
1998;10180;12507.60020519434;Train
1998;21268;23582.989667051992;Train
1998;24342;23744.0509446352;Train
1998;18009;23872.636796637566;Train
1998;41488;43020.49023023253;Train
1998;12721;12078.319255499653;Train
1998;9404;11638.964187684147;Train
1998;10238;15299.031988743125;Train
1998;35576;31877.31358877045;Train
1998;11804;13379.261260749847;Train
1998;21804;17078.84433212398;Train
1998;10897;22097.273512919983;Train
1998;20038;19651.567642777114;Train
1998;9715;13478.39856023825;Train
1998;25889;25053.203454745482;Train
1998;39135;40117.335847054965;Train
1998;37356;38572.7539643205;Train
1998;12830;13242.391177441723;Train
1998;40443;28119.9610974219;Train
1998;38139;39189.09131550218;Train
1998;26842;25228.502927037083;Train
1998;28306;27470.99705740878;Train
1998;26054;27971.681606331902;Train
1998;13577;13402.467499985401;Train
1998;13755;16782.901365533762;Train
1998;40337;39723.06834970804;Train
1998;23439;21876.577170243345;Train
1999;40152;40374.28705323506;Train
1999;24492;23238.760351714067;Train
1999;8203;12658.227529089916;Train
1999;24184;24618.443655142175;Train
1999;14496;14082.928084842693;Train
1999;14105;13899.200307046694;Train
1999;30704;29155.567308832397;Train
1999;31943;29559.642658163586;Train
1999;24742;22271.66594078243;Train
1999;19905;19303.20931338789;Train
1999;25626;25352.69763285143;Train
1999;35226;37640.62110165256;Train
1999;19726;22792.50575046953;Train
1999;30195;30389.51994398987;Train
1999;10978;15259.328444192644;Train
1999;21242;19887.731079056906;Train
1999;15717;18522.220679151415;Train
1999;15648;17255.600650127853;Train
1999;14202;13066.657226590452;Train
1999;39551;30102.524596244482;Train
1999;12981;13572.236156608085;Train
1999;37499;39413.40919703399;Train
1999;39736;38551.90411129974;Train
1999;15878;13914.282896039695;Train
1999;27298;25978.487753897247;Train
1999;10848;12158.484614535022;Train
1999;11333;16460.083392709963;Train
1999;46283;43768.40537551164;Train
2000;14563;14030.093509935377;Train
2000;42436;39792.60519624504;Train
2000;26376;26671.62327812374;Train
2000;39976;40525.37280995731;Train
2000;15265;13802.536574414258;Train
2000;18474;19819.01300554838;Train
2000;16392;13984.7708951887;Train
2000;44406;32297.231837696843;Train
2000;12163;13045.321610697813;Train
2000;20795;22533.946938686848;Train
2000;23589;25151.451485860307;Train
2000;39599;38927.58810544261;Train
2000;13820;16995.98846167683;Train
2000;43344;40194.724636503044;Train
2000;33689;30100.012573568507;Train
2000;7526;12730.477129642368;Train
2000;19376;19267.834209050514;Train
2000;20723;20559.530775754374;Train
2000;14123;13559.639575201147;Train
2000;25070;24570.225159924634;Train
2000;8488;12289.12389883758;Train
2000;42486;33001.79648285431;Train
2000;13189;17124.23921800285;Train
2000;25920;23981.147312855068;Train
2000;24385;24588.660919188624;Train
2000;12328;13523.318100223683;Train
2000;29263;30165.007522366395;Train
2000;45655;43939.235972984025;Train
2000;29788;29343.144071377832;Train
2001;40297;40734.860944373984;Train
2001;25091;24780.0650622664;Train
2001;19047;22310.915283762137;Train
2001;11167;13558.952106781982;Train
2001;15525;13817.457058146123;Train
2001;14973;17264.8781536081;Train
2001;12213;17210.07096465965;Train
2001;25050;20240.40195380006;Train
2001;14882;13518.586877316357;Train
2001;37439;39710.94949014493;Train
2001;10808;13244.212213491273;Train
2001;40383;30277.2111291851;Train
2001;10287;13747.736780873718;Train
2001;28695;28766.605795127227;Train
2001;43411;43882.83666967656;Train
2001;14477;15310.796005199776;Train
2001;24427;24260.016129267344;Train
2001;41227;32302.288066685785;Train
2001;10211;13138.390830785427;Train
2001;25041;26689.03133934194;Train
2001;37570;38609.11889590151;Train
2001;30039;30372.679233534833;Train
2001;12392;12778.404604565138;Train
2001;26288;25223.23490928101;Train
2001;25993;24505.222267459874;Train
2001;16227;23116.598031765294;Train
2001;33399;33093.29912233296;Train
2001;40776;40080.60070903228;Train
2001;20463;19761.54709584436;Train
2002;33675;31646.719482729106;Train
2002;15387;14067.535628027103;Train
2002;39907;30816.653620558183;Train
2002;44569;44052.33573851049;Train
2002;39123;40486.23068464515;Train
2002;30383;30704.049923472423;Train
2002;26178;23763.254841650087;Train
2002;47148;44406.320505238764;Train
2002;44089;41416.912826331914;Train
2002;19322;20494.70834484035;Train
2002;14440;15206.296789227961;Train
2002;28791;26916.433052883098;Train
2002;11389;12259.384156565235;Train
2002;22122;20461.362945414556;Train
2002;39094;36198.21803288112;Train
2002;19389;20088.54017499909;Train
2002;15437;14153.239193718793;Train
2002;10437;13271.98965879925;Train
2002;23332;21909.2564229175;Train
2002;25614;25216.615266356403;Train
2002;16164;17540.53696265046;Train
2002;14336;13935.539924966215;Train
2002;13492;18461.820740984058;Train
2002;13160;13804.598410591885;Train
2002;26297;26244.205873849325;Train
2002;27946;25625.564961411823;Train
2002;12089;17065.496737594534;Train
2002;42380;39938.77136523036;Train
2002;24100;24630.13693381419;Train
2003;14393;13973.142571725419;Train
2003;26529;29719.2714738193;Train
2003;40775;42580.73084973843;Train
2003;17932;20297.15299973839;Train
2003;39119;26110.31938564095;Train
2003;26359;25466.233250169058;Train
2003;16081;17811.945292556018;Train
2003;15440;14660.341428646665;Train
2003;15130;13937.039701523074;Train
2003;33731;29075.407884179913;Train
2003;40814;41213.54801128743;Train
2003;5944;12270.092169623043;Train
2003;18587;20619.945086476855;Train
2003;27257;26942.330318190016;Train
2003;28065;26342.565574945464;Train
2003;14004;14293.502901854494;Train
2003;34380;33542.73135933587;Train
2003;15751;21210.780454740125;Train
2003;13535;13926.649354534718;Train
2003;20666;20407.53063338063;Train
2003;11628;13623.147307538102;Train
2003;25165;25391.295514444108;Train
2003;40361;39737.624615592424;Train
2003;34518;38864.264347044;Train
2003;15131;17780.511788422267;Train
2003;16435;18529.875891950436;Train
2003;42532;43099.42307145003;Train
2003;21512;23558.64471157069;Train
2003;21770;24617.521243254614;Train
2004;30915;29087.648396439796;Train
2004;16994;18682.149026557214;Train
2004;14935;14198.474646221592;Train
2004;44176;42219.57671518014;Train
2004;39498;34927.90357890079;Train
2004;18686;17707.026395376524;Train
2004;25321;20984.70607182904;Train
2004;27160;25949.524072456443;Train
2004;27943;25450.27946565278;Train
2004;25149;25183.906086209146;Train
2004;15400;16647.169667887592;Train
2004;25095;25793.37334561025;Train
2004;13339;13977.281257882723;Train
2004;12880;13822.712223872459;Train
2004;48396;44591.51796207643;Train
2004;45416;42419.11460497606;Train
2004;10342;13943.32861285194;Train
2004;19546;20210.462066790835;Train
2004;31612;30837.309693151146;Train
2004;39742;33719.264055147796;Train
2004;22689;23568.278242652264;Train
2004;20264;20382.17781483454;Train
2004;19627;20285.74273763063;Train
2004;26873;26470.901927451505;Train
2004;45683;44012.78313129164;Train
2004;12851;13783.696492423183;Train
2004;16654;16021.183805422423;Train
2004;41519;33689.22150174246;Train
2004;42478;42050.58143754267;Train
2005;23052;25306.067740901475;Train
2005;12099;13844.625036113148;Train
2005;20068;20454.693611714505;Train
2005;34678;32908.335746383615;Train
2005;15645;18721.483588120373;Train
2005;17730;23462.365122261057;Train
2005;16706;14925.206657417599;Train
2005;15028;13904.369762835193;Train
2005;14464;16426.18178855514;Train
2005;25699;24115.323666964767;Train
2005;14594;14084.809228367332;Train
2005;34399;30431.031997552825;Train
2005;39410;26500.872696353956;Train
2005;42223;40255.766347269906;Train
2005;41980;41278.97466416686;Train
2005;43442;43431.76896265878;Train
2005;25878;22522.97930441953;Train
2005;38745;28511.266504605395;Train
2005;26984;26169.390938592776;Train
2005;17629;21250.837264869962;Train
2005;14728;18588.82816212199;Train
2005;31107;28208.871771691523;Train
2005;26720;27783.584268900006;Train
2005;22949;23655.516083384417;Train
2005;43515;42122.68212688594;Train
2005;12839;14062.232431728735;Train
2005;25082;25175.40761648691;Train
2005;42814;43421.474270643535;Train
2005;13104;17066.647738046475;Train
2006;24994;21262.590465754532;Train
2006;41589;41758.71357391729;Train
2006;38545;43036.01082133724;Train
2006;13261;14046.467375977323;Train
2006;13045;12951.552372846983;Train
2006;36568;40052.33433209387;Train
2006;14186;15982.661378218952;Train
2006;16381;19903.635810246018;Train
2006;19841;20456.147835036587;Train
2006;7908;14683.948777756417;Train
2006;26933;25446.434219210874;Train
2006;12215;13990.822862877754;Train
2006;29864;30083.578352317614;Train
2006;27601;28924.83396278176;Train
2006;20561;23952.86757848674;Train
2006;27662;26538.12312410502;Train
2006;28842;26360.901559488328;Train
2006;40191;39982.56365383207;Train
2006;15039;21365.827843790958;Train
2006;40049;43152.43615724659;Train
2006;13320;14528.834619018764;Train
2006;24607;25354.52915317965;Train
2006;33296;32365.92681183176;Train
2006;35264;33798.53549392481;Train
2006;17075;15620.0770782691;Train
2006;15776;16787.231441367025;Train
2006;19196;22795.26221832419;Train
2006;16106;18055.08141102772;Train
2006;32699;32474.879687605444;Train
2006;18131;21370.537254924722;Train
2007;17073;19428.681794903987;Train
2007;22169;20678.40756131558;Train
2007;28924;26355.060003712177;Train
2007;13320;17574.42956101171;Train
2007;42347;41842.33782579071;Train
2007;43788;44124.99484151379;Train
2007;22847;22324.442370311197;Train
2007;25630;24983.281047589524;Train
2007;25700;25424.527752910562;Train
2007;38565;34078.43634662702;Train
2007;21195;24532.201460219047;Train
2007;22798;25280.603833423123;Train
2007;20701;28845.729126733768;Train
2007;40193;42002.41803499291;Train
2007;45335;41542.39435451353;Train
2007;17198;15453.139362446644;Train
2007;10911;23915.758605685285;Train
2007;13621;16405.43453345799;Train
2007;27721;27905.395160089665;Train
2007;27663;27996.262716382327;Train
2007;13144;15210.055185523852;Train
2007;10504;13353.488415785896;Train
2007;20639;20025.150171372738;Train
2007;16769;20133.699803491287;Train
2007;34103;32991.25961161615;Train
2007;41703;41461.408179438455;Train
2007;18890;17703.88458704434;Train
2007;29493;30894.382987217396;Train
2007;15933;15410.051562108249;Train
2007;46949;42953.49930532524;Train
2008;17815;15908.426402529047;Train
2008;30795;32652.4584481013;Train
2008;27819;25452.35704819205;Train
2008;31718;29379.181676623495;Train
2008;20115;20239.09842538781;Train
2008;14227;15794.392611170852;Train
2008;13098;13827.185257422516;Train
2008;14049;15428.37256498851;Train
2008;19388;18472.631116392648;Train
2008;41660;42403.11579470014;Train
2008;26901;21774.84287321772;Train
2008;16262;17529.759760639274;Train
2008;33199;30479.160071616643;Train
2008;26217;25480.601271852345;Train
2008;45574;44584.9750877678;Train
2008;17037;20361.84262219348;Train
2008;42784;41339.18294808591;Train
2008;22724;26105.582793671925;Train
2008;14802;19817.221198065272;Train
2008;26122;28445.03439881666;Train
2008;46071;42101.30728984939;Train
2008;28391;28119.751184889865;Train
2008;22074;25504.987219511353;Train
2008;43519;37232.914743070585;Train
2008;43761;36902.31756611949;Train
2008;19061;21485.93679713205;Train
2008;13873;16753.93931372552;Train
2008;22661;21146.47946773444;Train
2008;41634;31146.121991340344;Train
2008;15752;18615.91218617001;Train
2009;31821;26015.41450665698;Train
2009;16443;19205.95723719077;Train
2009;14217;19225.635337086776;Train
2009;13930;15988.987611858272;Train
2009;46338;44572.031768623856;Train
2009;15098;14323.107536489702;Train
2009;28610;24707.816948121963;Train
2009;32495;29918.617889224104;Train
2009;15275;15863.659119309314;Train
2009;24184;25853.090424610487;Train
2009;43786;33603.43241978925;Train
2009;18604;26268.892246389445;Train
2009;20701;20919.56908813342;Train
2009;19102;23344.695549901044;Train
2009;41586;29557.57041393443;Train
2009;17513;16228.4532643677;Train
2009;15381;15990.057416992402;Train
2009;19304;19605.334295491586;Train
2009;44417;42949.39121420566;Train
2009;46500;39853.43333673592;Train
2009;25108;21201.703319638927;Train
2009;16551;18021.34737833337;Train
2009;44305;37987.418747764634;Train
2009;24773;20920.393699041364;Train
2009;30821;32270.983632750234;Train
2009;31855;25208.024674123226;Train
2009;27549;30284.28027839612;Train
2009;44708;42236.78187361695;Train
2009;21978;19479.089439486826;Train
2009;24835;26195.450295698432;Train
2010;30570;29744.284074062412;Train
2010;20684;19805.04514657252;Train
2010;25166;26460.634104101344;Train
2010;23111;19697.326162827016;Train
2010;38698;41411.8230143835;Train
2010;26155;25924.113677689616;Train
2010;42157;37855.300782463586;Train
2010;17456;16345.54585356085;Train
2010;30122;27765.737757716408;Train
2010;24968;26495.43887073683;Train
2010;32511;30617.175505499334;Train
2010;21732;24108.051705924176;Train
2010;43884;43725.02503260113;Train
2010;15034;18030.477956730807;Train
2010;16312;21758.570726244972;Train
2010;21352;25924.401713510102;Train
2010;34393;34163.55612563398;Train
2010;29391;26942.803643110215;Train
2010;13030;24186.76418862733;Train
2010;43598;44204.445103056656;Train
2010;13248;17105.671490473396;Train
2010;35268;26387.32571895786;Train
2010;18197;19352.390348702076;Train
2010;13296;17501.989074799174;Train
2010;24535;28120.76943890372;Train
2010;16080;16407.192136383484;Train
2010;42268;40532.17301442647;Train
2010;21084;27812.954375991463;Train
2010;39876;41890.09322736928;Train
2010;14596;14478.349059193035;Train
2011;14709;18777.87774805468;Train
2011;15589;19292.000039996026;Train
2011;24916;26776.912035795554;Train
2011;34240;33037.40857961605;Train
2011;16804;17244.857801415266;Train
2011;45778;34675.46781514534;Train
2011;27594;26680.23406132136;Train
2011;32598;29163.593369821047;Train
2011;15396;16572.865631923247;Train
2011;50141;43340.972916654646;Train
2011;46899;35558.418980716495;Train
2011;31968;29331.26291085279;Train
2011;16500;14802.403853919976;Train
2011;16415;15756.814469636507;Train
2011;30741;26261.333405740406;Train
2011;35713;30850.26042911761;Train
2011;17836;16320.75471840804;Train
2011;20216;21150.323652128325;Train
2011;20956;24167.347619014345;Train
2011;46055;44763.07490986035;Train
2011;22914;25942.682980058515;Train
2011;24221;19423.97044335711;Train
2011;16801;16590.837016406;Train
2011;38942;29933.885390589025;Train
2011;23034;22298.502489302853;Train
2011;45757;41511.16285632978;Train
2011;28571;22028.557716218023;Train
2011;26423;20206.11476094327;Train
2011;14324;17304.687383420853;Train
2011;43219;42573.800499832214;Train
2012;30557;42755.08004678284;Test
2012;30439;26364.69910519738;Test
2012;45423;43214.73501895131;Test
2012;11803;14558.277238733408;Test
2012;14785;17481.91679293359;Test
2012;24375;22657.860882569348;Test
2012;25778;31724.463189853268;Test
2012;23406;20922.3572362989;Test
2012;16100;17214.991871509363;Test
2012;44757;41519.81879021847;Test
2012;17078;25313.42795559407;Test
2012;45173;44377.73845340872;Test
2012;17789;18847.625085821022;Test
2012;10762;16030.343759362939;Test
2012;20813;26563.488243920627;Test
2012;10152;18842.297621783317;Test
2012;18218;16492.68531581364;Test
2012;32581;27874.97754558019;Test
2012;25054;18612.40809965298;Test
2012;19110;22665.41722853722;Test
2012;19917;20242.200418366116;Test
2012;23652;29401.962732775726;Test
2012;24053;25504.964716920695;Test
2012;21839;21942.175835627135;Test
2012;28140;32220.652455406725;Test
2012;41103;29521.8292559297;Test
2012;30549;30165.962775120286;Test
2012;42132;25593.91721315603;Test
2012;41377;36082.740879054945;Test
2012;25451;27383.0190731018;Test
2013;14900;30789.222365940703;Test
2013;45464;43387.87541214373;Test
2013;19354;23698.313518467792;Test
2013;14861;19313.24034658943;Test
2013;18795;21195.01324194514;Test
2013;15966;17707.786072818773;Test
2013;18224;18704.573293018668;Test
2013;21062;22904.38194929685;Test
2013;42208;44118.98725780326;Test
2013;25170;25194.559671077;Test
2013;28590;30745.226562439708;Test
2013;23263;21828.750220354133;Test
2013;25248;27283.34362800346;Test
2013;20679;20270.793065153597;Test
2013;14613;18720.21508918824;Test
2013;18165;18133.16776226989;Test
2013;28131;26535.07454127777;Test
2013;39826;41556.53634241175;Test
2013;15879;19884.29063013523;Test
2013;19356;16590.600742835086;Test
2013;43156;37372.187630805376;Test
2013;41573;23833.444313570224;Test
2013;15846;17904.963134755755;Test
2013;32594;39001.71568544878;Test
2013;30937;26886.026900626184;Test
2013;40899;43631.72629769457;Test
2013;26011;19538.15905976319;Test
2013;31598;28674.6526009284;Test
2013;38327;32838.15405419738;Test
2013;33756;26778.787171963635;Test
2014;34542;28900.78303255058;Test
2014;19838;20584.276197859057;Test
2014;23580;21288.615271653838;Test
2014;26894;26431.993675568807;Test
2014;40316;32772.14590370853;Test
2014;13005;19257.190498252032;Test
2014;41922;42385.21088504013;Test
2014;14780;26500.43680854433;Test
2014;33492;25598.949580464356;Test
2014;47415;42601.80199180005;Test
2014;54000;38886.29179002481;Test
2014;17366;18243.526986583787;Test
2014;27046;21421.619401691078;Test
2014;17645;17772.73573229415;Test
2014;27286;26271.266768920843;Test
2014;17161;19451.57935278485;Test
2014;26083;26938.716166325416;Test
2014;28975;25131.739071644053;Test
2014;32448;28789.211702282606;Test
2014;47978;26845.34384359368;Test
2014;35102;30963.309690700236;Test
2014;18869;19451.192638800167;Test
2014;44423;39378.33191609628;Test
2014;15601;24446.915696392254;Test
2014;25000;19538.15905976319;Test
2014;27766;22549.951686227476;Test
2014;43119;24552.460603183747;Test
2014;20309;22621.67603692457;Test
2014;45660;41089.7159592895;Test
2014;18328;16784.080384950277;Test
2015;42365;32628.352967739585;Test
2015;27156;27168.766377619653;Test
2015;35699;34598.620125632566;Test
2015;42732;44698.479469100974;Test
2015;42505;35397.99893258142;Test
2015;14963;18871.72951021647;Test
2015;41413;29725.06881892945;Test
2015;20207;16439.130813432683;Test
2015;24783;22370.185922445027;Test
2015;20050;18451.11054009109;Test
2015;13770;16560.5941261161;Test
2015;43812;41621.56438221369;Test
2015;30949;29826.89714340948;Test
2015;21021;22684.647422965456;Test
2015;43752;43065.74096596726;Test
2015;17038;18025.325711653142;Test
2015;26339;31088.208075695977;Test
2015;46923;42786.680326645605;Test
2015;24297;28581.71508018838;Test
2015;31867;25840.633704670676;Test
2015;19771;19906.296093538072;Test
2015;19150;24916.505390797844;Test
2015;24257;19386.44720518405;Test
2015;16142;17887.32663526749;Test
2015;16983;19966.609780423947;Test
2015;25786;26018.262221849753;Test
2015;34740;29437.047097814717;Test
2015;27437;20016.686563766416;Test
2015;16827;20069.981136526596;Test
2015;24126;21406.3625607499;Test
2016;29272;25208.694069295416;Test
2016;16583;17757.667691546005;Test
2016;20462;18693.818751179853;Test
2016;31139;26881.799605927;Test
2016;19660;19955.413715293547;Test
2016;27078;26838.126077406312;Test
2016;38163;42490.349582714;Test
2016;42479;21635.050945270315;Test
2016;15899;31050.890845690174;Test
2016;26166;23896.60435345523;Test
2016;19361;19901.406700482967;Test
2016;38813;43421.885036584405;Test
2016;14443;18755.128491708765;Test
2016;15184;22480.51344996347;Test
2016;24589;19374.53730417247;Test
2016;32825;29144.842275213785;Test
2016;21281;23912.425378676002;Test
2016;23704;21383.363558979374;Test
2016;35729;26842.165135317526;Test
2016;15921;16433.316432480304;Test
2016;41996;44457.811151801514;Test
2016;36156;30724.567788156546;Test
2016;44403;42029.1223798664;Test
2016;28630;38535.52625902968;Test
2016;39111;33118.10364844784;Test
2016;18551;28067.50794029841;Test
2016;28437;27079.93580720261;Test
2016;38827;35572.95263166782;Test
2016;33915;41230.902528402265;Test
2016;26841;22632.018854871272;Test
2017;42589;43644.51922434348;Test
2017;27731;27264.106740353654;Test
2017;18991;23914.06265159837;Test
2017;28863;27175.162786589874;Test
2017;21699;19426.18965970217;Test
2017;45972;44430.336075290514;Test
2017;44046;35668.98756956328;Test
2017;31596;25913.21500157135;Test
2017;27850;39115.8473692491;Test
2017;17017;25060.55525651119;Test
2017;26901;24954.19780614863;Test
2017;16923;16644.499861453765;Test
2017;34697;29183.11299370521;Test
2017;12250;32057.146380154285;Test
2017;44931;32236.598688249906;Test
2017;17790;24478.411517778564;Test
2017;24353;21312.367329029643;Test
2017;15874;17130.203358529754;Test
2017;28420;30515.105998961215;Test
2017;16784;19068.000594421646;Test
2017;47565;42566.03704252728;Test
2017;23398;18828.83422890402;Test
2017;33601;28462.640773783325;Test
2017;24618;21803.029009443137;Test
2017;43682;31028.856257205487;Test
2017;25111;19435.661030998097;Test
2017;18187;18666.08196658729;Test
2017;46786;37206.96753368025;Test
2017;25237;21489.507065693368;Test
2017;40900;39586.671557062415;Test
2018;16125;26026.199030143216;Test
2018;19818;18705.093891687946;Test
2018;36143;43648.00166377849;Test
2018;33173;31571.305515271448;Test
2018;21523;18108.78681009587;Test
2018;34746;20114.662731353994;Test
2018;30238;26640.416515110006;Test
2018;29796;27043.53190751823;Test
2018;39389;26585.052415892522;Test
2018;17746;16775.508380522904;Test
2018;19661;17200.08124179382;Test
2018;20754;19124.397087782167;Test
2018;28051;25437.706705480625;Test
2018;26171;19065.956429756494;Test
2018;40299;35091.32398449061;Test
2018;33480;30961.30883414913;Test
2018;28104;25208.694069295416;Test
2018;35372;30382.810326913033;Test
2018;18560;23635.983715166283;Test
2018;27675;20236.994401113127;Test
2018;25950;19923.57792307845;Test
2018;36606;43466.02177211092;Test
2018;17050;17389.990999003312;Test
2018;32631;38627.448628150356;Test
2018;17442;23376.94530041274;Test
2018;15506;19260.59320973777;Test
2018;25130;22565.99696149246;Test
2018;28163;27071.608802315517;Test
2018;29374;30175.018979811477;Test
2018;24247;20804.67440439355;Test
2019;16353;26382.428305439833;Test
2019;21250;20932.4197622295;Test
2019;25646;19728.225020288995;Test
2019;39036;37164.58854735429;Test
2019;28427;25397.32344783288;Test
2019;37700;28614.920973602304;Test
2019;31342;28315.184862173;Test
2019;23568;16815.307144799874;Test
2019;29480;20319.139857189897;Test
2019;28921;27086.6325508592;Test
2019;23557;21082.9006527293;Test
2019;21428;22775.043071180968;Test
2019;15487;18216.136377490075;Test
2019;42003;44836.24591457162;Test
2019;36854;43468.74360414999;Test
2019;28593;26913.22693939368;Test
2019;23585;19379.225062154812;Test
2019;35377;28909.637662759564;Test
2019;33898;26897.94116457483;Test
2019;25850;20792.64424867887;Test
2019;35810;29077.450771892858;Test
2019;18100;21398.127180219755;Test
2019;22370;18379.77597663221;Test
2019;41019;42290.5413249218;Test
2019;15086;21760.242701737385;Test
2019;41323;36049.50298832519;Test
2019;42482;27162.0612442368;Test
2019;23151;24692.740154821244;Test
2019;44103;31877.770816590553;Test
2019;18440;17157.639861740925;Test
2020;40764;27522.837219961308;Test
2020;26299;21868.581752877515;Test
2020;42834;36839.812223981935;Test
2020;44600;28997.4266433839;Test
2020;33763;31708.833899239846;Test
2020;30299;27215.92204694708;Test
2020;23368;19317.66881801549;Test
2020;30263;19947.55727644263;Test
2020;19330;22356.593691005244;Test
2020;31374;25665.542918338935;Test
2020;28648;20256.26714193843;Test
2020;30164;27921.545947630173;Test
2020;15849;22218.57571903697;Test
2020;15724;21407.621416665486;Test
2020;40363;39109.415704752464;Test
2020;36517;28800.090839817007;Test
2020;21306;19231.128204462137;Test
2020;26274;19191.77477521834;Test
2020;35143;28429.336107557887;Test
2020;31392;26731.148737402284;Test
2020;20901;25952.62288624731;Test
2020;38710;43777.92858099353;Test
2020;15726;21653.259708839134;Test
2020;42675;41061.64958560492;Test
2020;36444;28693.903238855128;Test
2020;34766;24507.474898312947;Test
2020;17248;26193.67892353249;Test
2020;26151;16811.170690421604;Test
2020;18680;17369.005356447935;Test
2020;43995;32116.63787671031;Test
2021;45633;31767.026560550745;Test
2021;31758;25437.029176132073;Test
2021;34118;27656.220282858347;Test
2021;19502;28564.108703645994;Test
2021;32000;29604.415914736;Test
2021;36820;28441.103249982134;Test
2021;27348;21692.214424100755;Test
2021;42253;33524.49648813845;Test
2021;27486;27307.67453187312;Test
2021;15767;22803.869855833647;Test
2021;37440;43860.27680504364;Test
2021;14543;17384.585452927524;Test
2021;24602;19893.012787118892;Test
2021;43794;33436.08437120994;Test
2021;24943;19280.148030526314;Test
2021;16537;25434.219485805337;Test
2021;30885;20584.266368020548;Test
2021;13057;27296.45430357859;Test
2021;43055;42423.00023287146;Test
2021;42475;35647.27851575913;Test
2021;41974;44500.18841809679;Test
2021;21309;16612.098897836197;Test
2021;32887;26908.7188450943;Test
2021;34779;29860.475531457436;Test
2021;17949;24245.547200075613;Test
2021;23458;21046.711619447506;Test
2021;30028;29526.113438095297;Test
2021;29168;27165.495109291984;Test
2021;16643;20743.24907627909;Test
2021;17078;28158.291286515745;Test
2022;14916;26527.536902995565;Test
2022;16662;21815.34149206056;Test
2022;32007;28175.53254939721;Test
2022;24324;21256.716590736472;Test
2022;14030;17574.015347267523;Test
2022;31633;25346.1906455771;Test
2022;16935;18379.697678150496;Test
2022;38113;27099.1892499802;Test
2022;17354;15625.905378989364;Test
2022;14790;21731.79277728105;Test
2022;30753;22208.43477061865;Test
2022;20149;19488.20125074067;Test
2022;23276;16848.756180772485;Test
2022;38914;34217.53423979498;Test
2022;27980;23603.48014497381;Test
2022;28343;27207.24744147803;Test
2022;43339;32399.62125201644;Test
2022;35541;27537.027273623153;Test
2022;36403;27739.32212939627;Test
2022;42612;41148.245017439454;Test
2022;22254;30289.444497220305;Test
2022;18800;22494.736464672722;Test
2022;40103;32989.49436945826;Test
2022;44216;28769.903937167815;Test
2022;31334;25235.1747148733;Test
2022;29670;20840.406808695272;Test
2022;40043;39816.53337049617;Test
2022;37391;28506.08734088289;Test
2022;22042;19410.29541745393;Test
2022;26506;16387.44273607154;Test
2023;27249;25172.90816427324;Test
2023;30188;29263.73237128697;Test
2023;24781;16488.419205185473;Test
2023;36000;29256.015894731878;Test
2023;45126;28746.567605175125;Test
2023;17649;15839.048725473263;Test
2023;33669;28382.991865129858;Test
2023;16986;22622.265086375104;Test
2023;42026;33191.07034696439;Test
2023;37767;31026.841678979294;Test
2023;21950;38646.707715717304;Test
2023;43851;34599.48761797824;Test
2023;17466;18185.06259809987;Test
2023;27233;16542.931340562525;Test
2023;22450;19165.499317130245;Test
2023;23327;25640.619453876257;Test
2023;27735;21787.358105490723;Test
2023;14888;22638.38334613281;Test
2023;39245;29148.96781956966;Test
2023;27843;26469.98127538904;Test
2023;18438;24272.99798174318;Test
2023;18149;30206.450351834974;Test
2023;16390;26138.22125965684;Test
2023;29643;29356.99310563483;Test
2023;41792;38683.80290835902;Test
2023;28809;29005.51049820251;Test
2023;42187;27403.09230048971;Test
2023;32376;25200.82380271608;Test
2023;28206;19842.38787170612;Test
2023;40875;39768.38623239121;Test
