Year;Actual_Yield;Predicted_Yield;Data_Type
1961;7213;9290.499003739596;Train
1962;5434;6554.493685238405;Train
1963;7676;7767.393765635709;Train
1964;9039;7890.296974170736;Train
1965;5754;7258.67546587746;Train
1966;8732;8050.701246418368;Train
1967;7237;9670.195935442298;Train
1968;7248;7432.143636727244;Train
1969;5574;6301.613377995628;Train
1970;5469;6517.106849422457;Train
1971;6330;7139.984684972021;Train
1972;5320;6217.809721852525;Train
1973;6090;7131.845676619642;Train
1974;6710;7633.361075498952;Train
1975;6968;11093.374173570643;Train
1976;7419;8214.513438849357;Train
1977;7548;10686.563121301398;Train
1978;7677;8242.715631922818;Train
1979;7665;8389.73713396778;Train
1980;6061;7029.713669567235;Train
1981;7175;7836.319022767858;Train
1982;6487;9594.715191069872;Train
1983;8774;9390.282936167101;Train
1984;6294;8616.257606834643;Train
1985;5667;7321.662597162683;Train
1986;7857;8628.95754182704;Train
1987;6357;7531.501536643583;Train
1988;5000;8519.210276414642;Train
1989;10778;10959.016957379523;Train
1990;6667;9130.09846389353;Train
1991;7782;9453.497389856631;Train
1992;8292;9702.043189881471;Train
1993;9845;9819.213680136727;Train
1994;8140;10657.224314636793;Train
1995;11132;10516.359176759632;Train
1996;10614;10219.827106018234;Train
1997;10987;10908.636064782446;Train
1998;12721;12098.82620967914;Train
1999;14202;13761.353001368283;Train
2000;14123;14183.890879476357;Train
2001;14882;14235.12041746245;Train
2002;15387;15162.71915590868;Train
2003;15130;14778.942655263867;Train
2004;14935;15169.883781615115;Train
2005;16706;15724.756178232381;Train
2006;17075;16309.851970967684;Train
2007;18890;18439.467904424964;Train
2008;19388;18849.745772200837;Train
2009;21978;21065.009057692307;Train
2010;23111;22137.773499999996;Train
2011;24221;21846.224090820277;Train
1961;19781;19560.032243703994;Train
1962;19045;19969.862649064115;Train
1963;21778;23145.51765430501;Train
1964;21825;23572.188454843155;Train
1965;17567;21609.576122195456;Train
1966;22016;19105.28726440588;Train
1967;22782;24475.127433661142;Train
1968;26666;24603.931206998936;Train
1969;26122;24879.068952169946;Train
1970;24598;24727.471504050387;Train
1971;25797;24979.053211297385;Train
1972;23196;24666.62056668938;Train
1973;25139;24644.60488552534;Train
1974;24255;24389.590742975455;Train
1975;22846;23561.557990829493;Train
1976;23816;24379.525588798006;Train
1977;22463;24532.930947179546;Train
1978;24619;25153.472389074755;Train
1979;25732;25195.632521670163;Train
1980;24043;25097.8245864551;Train
1981;26386;25288.740320297275;Train
1982;24547;25168.510586641463;Train
1983;24918;26078.751454265253;Train
1984;27542;26303.361697233602;Train
1985;27631;25874.341826410404;Train
1986;28186;25662.644659104706;Train
1987;25771;25086.99797923534;Train
1988;30229;25859.96020229271;Train
1989;26099;24124.87208705775;Train
1990;24985;26384.265123906385;Train
1991;23637;27050.67392497686;Train
1992;22347;24498.273823208827;Train
1993;28493;27379.698172568944;Train
1994;19965;22929.645379942387;Train
1995;26795;26455.937995906846;Train
1996;29200;28017.714965079456;Train
1997;28833;28380.863621294404;Train
1998;28306;27677.535470746123;Train
1999;30704;29715.41903211936;Train
2000;29263;29265.43665845536;Train
2001;30039;29854.04051492939;Train
2002;30383;30639.661294742687;Train
2003;26529;29482.484712257145;Train
2004;31612;30841.47219721928;Train
2005;34399;31483.02632295997;Train
2006;29864;30435.390404744605;Train
2007;29493;30463.148083460397;Train
2008;33199;31146.61014687912;Train
2009;32495;31033.436038096737;Train
2010;30570;30562.66472747155;Train
2011;35713;32588.8155715415;Train
1992;11533;16418.054671588496;Train
1993;15546;16276.655978713365;Train
1994;11824;13695.049278016766;Train
1995;13109;13307.78500402184;Train
1996;15133;15340.112696338272;Train
1997;9917;13538.027360623013;Train
1998;10897;16496.69792120723;Train
1999;11333;13444.460140313648;Train
2000;13189;13604.428438352717;Train
2001;12213;13780.220762541394;Train
2002;13492;14761.742673815037;Train
2003;16435;16212.010630942199;Train
2004;19546;18476.524869843925;Train
2005;17730;22798.06490784804;Train
2006;19196;20235.184035015995;Train
2007;21195;22414.368246020265;Train
2008;22074;23293.188815275334;Train
2009;18604;22780.964142703757;Train
2010;21352;22788.185683218268;Train
2011;20956;23218.42690678215;Train
2000;44406;39329.46528571428;Train
2001;41227;38261.85886904762;Train
2002;47148;45715.98058552291;Train
2003;42532;43247.9634606526;Train
2004;48396;46105.52544823069;Train
2005;42814;43553.09724333869;Train
2006;38545;41199.32463331826;Train
2007;46949;44981.789345800215;Train
2008;46071;44568.11389685262;Train
2009;44708;43761.74881603749;Train
2010;42268;40073.12393231142;Train
2011;50141;46701.3305810653;Train
1961;10747;9472.351212643758;Train
1962;8344;9463.86843903795;Train
1963;9624;9645.135265806997;Train
1964;12186;9734.065124628103;Train
1965;7783;9685.80034179301;Train
1966;12346;12035.296315132133;Train
1967;11416;13519.711148802897;Train
1968;11896;12974.324355520424;Train
1969;12201;12696.634706414372;Train
1970;12141;12480.66746699763;Train
1971;14057;13069.313589812282;Train
1972;12897;13299.770812338773;Train
1973;12091;12781.097874278059;Train
1974;10981;12504.396014986245;Train
1975;10593;12454.82242593363;Train
1976;12066;12934.331931084675;Train
1977;11318;12261.364458807646;Train
1978;10613;11845.629763127195;Train
1979;10876;15296.968062062964;Train
1980;8598;11189.483818012895;Train
1981;11051;13284.16934325357;Train
1982;11626;13450.874657812903;Train
1983;10456;12983.789234271628;Train
1984;10572;13216.299848823626;Train
1985;11027;14020.378657067682;Train
1986;12436;13775.97758100331;Train
1987;8643;11699.827981707836;Train
1988;9785;12627.640357822085;Train
1989;13762;14171.882109922639;Train
1990;10499;14480.008030686286;Train
1991;11702;15731.219756655795;Train
1992;11826;11959.76594237402;Train
1993;9081;10284.152150363534;Train
1994;10507;10928.59083111403;Train
1995;11662;11417.357859284002;Train
1996;8062;9480.15701377865;Train
1997;10454;10339.889321109033;Train
1998;9404;10390.023100080167;Train
1999;10848;11643.73030665376;Train
2000;7526;10386.36932880026;Train
2001;12392;12178.789537660014;Train
2002;12089;13951.189715190932;Train
2003;15131;17234.475503536527;Train
2004;18686;18123.52323152071;Train
2005;15645;17066.11584451627;Train
2006;15776;16235.086245375198;Train
2007;13320;15613.489740474724;Train
2008;16262;16329.605531528035;Train
2009;16551;16520.822670826652;Train
2010;18197;18180.38761577066;Train
2011;14324;15796.546120353692;Train
1992;7902;9786.029989906468;Train
1993;7844;10652.974269809618;Train
1994;8489;11002.41513734134;Train
1995;10416;13530.477666666102;Train
1996;10163;15429.122897492229;Train
1997;9812;11814.38698049249;Train
1998;10238;11900.295611017638;Train
1999;10978;12580.444614417014;Train
2000;8488;10268.0751984127;Train
2001;10211;11278.700765873014;Train
2002;11389;11717.151785714286;Train
2003;5944;9446.390346916973;Train
2004;15400;15644.731929315825;Train
2005;14464;14879.884613839635;Train
2006;16381;17667.7140328131;Train
2007;17073;17640.256010085825;Train
2008;17037;17970.2935487013;Train
2009;19304;19038.076311346547;Train
2010;16312;21029.645249102145;Train
2011;15396;16099.523746040652;Train
1961;20601;18918.01113369559;Train
1962;18711;19380.40702770465;Train
1963;20827;20262.711298891794;Train
1964;22307;21181.499873711746;Train
1965;23066;22257.344190508175;Train
1966;24772;23546.9482901166;Train
1967;23709;22855.226713564898;Train
1968;25585;23311.800673386453;Train
1969;20676;18601.869697897873;Train
1970;28685;24061.723611013447;Train
1971;24577;21219.301385628245;Train
1972;25100;24605.053446440492;Train
1973;24501;23046.33201807844;Train
1974;27959;23383.440012921877;Train
1975;22271;20409.202289986562;Train
1976;17469;19140.857804052037;Train
1977;25156;24361.328240637697;Train
1978;27076;24976.57885859245;Train
1979;26618;24895.17867128684;Train
1980;25034;23744.727131458385;Train
1981;29060;22696.5934058575;Train
1982;35616;29216.045772323963;Train
1983;28008;26627.945397015443;Train
1984;36096;29865.205738865818;Train
1985;36205;28077.52393434973;Train
1986;36779;29142.022452376572;Train
1987;32342;24880.468312323173;Train
1988;37318;28986.541825047996;Train
1989;36959;31157.59738655456;Train
1990;37458;34194.304474664226;Train
1991;33614;31494.929506474324;Train
1992;33008;32081.654980756986;Train
1993;38678;33695.61686476375;Train
1994;34838;32435.77475190106;Train
1995;33964;32418.231408633597;Train
1996;36750;32637.48126624243;Train
1997;39615;35319.16985587093;Train
1998;40443;32225.50542098119;Train
1999;39551;34419.3646276721;Train
2000;42486;37773.315646931864;Train
2001;40383;33769.87661419903;Train
2002;39907;35097.28548534835;Train
2003;39119;35003.705056960534;Train
2004;39742;38681.749629445054;Train
2005;39410;35381.156206037005;Train
2006;35264;37246.43938694867;Train
2007;38565;37726.74660491404;Train
2008;41634;36181.53737914179;Train
2009;41586;34323.675848073945;Train
2010;35268;30361.662394306106;Train
2011;38942;33678.23719888642;Train
1992;14451;14021.28861065015;Train
1993;12643;13933.713503532577;Train
1994;14096;13981.762034720176;Train
1995;14559;13798.910936442888;Train
1996;14176;13337.253946026245;Train
1997;12415;13188.179994458485;Train
1998;9715;12674.898820488695;Train
1999;12981;13166.081611632368;Train
2000;15265;13827.557573513042;Train
2001;15525;13852.468843458195;Train
2002;13160;13684.86339072633;Train
2003;14393;13799.005343249697;Train
2004;10342;13092.384756367703;Train
2005;15028;13841.840401413803;Train
2006;13261;13733.835358642666;Train
2007;17198;15882.329715279604;Train
2008;14227;15380.138825317477;Train
2009;15275;15964.163476524896;Train
2010;17456;17077.127383312156;Train
2011;17836;17181.757763543035;Train
1961;13739;15887.511009496066;Train
1962;12903;14983.229312478501;Train
1963;15943;15708.296416666666;Train
1964;11958;15182.077036231882;Train
1965;17296;18067.57098214286;Train
1966;15752;16997.507440476194;Train
1967;13653;18184.611010162822;Train
1968;14081;16168.519152445595;Train
1969;13390;15533.263639239496;Train
1970;18900;18363.336291228377;Train
1971;16127;16836.12504648986;Train
1972;15065;16717.807173774127;Train
1973;14607;15894.22380142272;Train
1974;11057;18383.78690007021;Train
1975;14012;15988.997311085031;Train
1976;17987;19045.691228758173;Train
1977;15873;19251.861386645898;Train
1978;16833;17279.86643053944;Train
1979;15787;18205.012822464323;Train
1980;18000;17398.282066335516;Train
1981;12949;19275.189499823005;Train
1982;15373;16389.942881397077;Train
1983;17748;20309.80754225391;Train
1984;18041;17921.8425898726;Train
1985;17962;16922.662008055668;Train
1986;19624;18339.665386447195;Train
1987;11763;14532.085490324882;Train
1988;19074;19235.08275459445;Train
1989;21904;20073.16788962201;Train
1990;21498;23417.164178282943;Train
1991;18566;19687.919032729893;Train
1992;19289;20178.176513923245;Train
1993;21352;21128.91899924235;Train
1994;19880;20530.935172929774;Train
1995;22105;23050.05547241943;Train
1996;22003;22206.639447436148;Train
1997;22714;22704.668036003946;Train
1998;18009;21401.052394737537;Train
1999;24492;23549.22405010667;Train
2000;24385;23920.70555543642;Train
2001;24427;23939.546505104285;Train
2002;26178;24025.61251516497;Train
2003;21512;22670.63192480783;Train
2004;22689;23259.357941709426;Train
2005;25699;24367.029622377002;Train
2006;20561;22366.278582305913;Train
2007;25700;25802.117155890377;Train
2008;26122;28455.568414856476;Train
2009;28610;26654.844026799878;Train
2010;26155;26622.308600874418;Train
2011;27594;27938.446157532904;Train
1961;16099;14412.290863859294;Train
1962;15529;15043.825784288258;Train
1963;18927;18349.177871680273;Train
1964;16737;16361.766566499313;Train
1965;19515;16964.085276624377;Train
1966;19762;17517.240765827974;Train
1967;20190;18714.499797340894;Train
1968;21328;22069.875166936563;Train
1969;21537;22226.25141476273;Train
1970;22218;22875.650100376843;Train
1971;24877;23992.536417076382;Train
1972;23877;24752.75771459462;Train
1973;23142;23660.98682525516;Train
1974;23873;22978.935209211813;Train
1975;23069;21048.656685427097;Train
1976;15379;16262.053807529113;Train
1977;26141;23318.406804321512;Train
1978;26926;27253.333364858157;Train
1979;25955;27837.233778696307;Train
1980;28924;28419.7149863479;Train
1981;30515;29353.066058402892;Train
1982;32336;27542.437887326138;Train
1983;26050;28249.409408405976;Train
1984;30278;30708.638457001292;Train
1985;32446;29716.269700004108;Train
1986;31083;31822.98476675936;Train
1987;34884;32846.94918143658;Train
1988;36622;34084.07166896583;Train
1989;28508;28351.6527650392;Train
1990;29079;30211.259785714283;Train
1991;32163;32442.452959249084;Train
1992;36543;35396.94061111111;Train
1993;36008;35797.81217063492;Train
1994;33530;33958.64472817461;Train
1995;34735;33843.322748015875;Train
1996;36175;36007.927183344436;Train
1997;39785;38466.125633511096;Train
1998;37356;37988.01174100083;Train
1999;39736;39141.3545040051;Train
2000;39599;39048.54051322506;Train
2001;37439;38948.22292321936;Train
2002;42380;40838.108372474766;Train
2003;40361;40044.92404957036;Train
2004;45416;43762.103554657064;Train
2005;42223;41158.7419238211;Train
2006;40191;40345.012999921884;Train
2007;45335;43168.72113265802;Train
2008;43519;41796.05905357925;Train
2009;43786;39741.22401234625;Train
2010;42157;42238.75914561222;Train
2011;46899;42559.518004045545;Train
1961;18059;22546.70172576787;Train
1962;22508;23700.705359619176;Train
1963;23144;22896.806390112604;Train
1964;20981;22109.734956469885;Train
1965;20519;23931.305555449006;Train
1966;22206;24111.625878851326;Train
1967;25381;24347.265650741945;Train
1968;23910;23615.552480003014;Train
1969;20800;22694.09512570189;Train
1970;23189;24742.051409688294;Train
1971;20288;20778.255163936316;Train
1972;23641;22561.118503134367;Train
1973;22173;22558.104113581136;Train
1974;25354;25326.08566269788;Train
1975;18720;21346.618628324097;Train
1976;16387;19411.710656290554;Train
1977;21963;23097.930292540666;Train
1978;22793;23180.79438358629;Train
1979;25685;26105.35419683306;Train
1980;20933;24337.745987097915;Train
1981;24144;26958.48925640344;Train
1982;21737;22925.354166278554;Train
1983;18241;23450.686645374615;Train
1984;27283;27352.165421576443;Train
1985;29325;28731.529294748325;Train
1986;26259;28601.14117910602;Train
1987;29221;30046.59151957648;Train
1988;29717;29899.617059296794;Train
1989;26497;27278.66636222728;Train
1990;25776;28580.96016071428;Train
1991;29846;30857.961084365794;Train
1992;30193;32071.66403092904;Train
1993;39254;36652.153271702155;Train
1994;32951;34144.80392491116;Train
1995;31406;33390.57174990451;Train
1996;39010;37004.161765101744;Train
1997;38406;38095.98755357714;Train
1998;38139;38748.021385688975;Train
1999;37499;38849.687430174716;Train
2000;43344;41051.98004413332;Train
2001;40776;40198.75425306531;Train
2002;39123;40502.13418580157;Train
2003;34518;36822.507174706385;Train
2004;44176;42904.06266086965;Train
2005;41980;41845.025568441604;Train
2006;36568;38121.99163533875;Train
2007;42347;41794.2100532809;Train
2008;43761;40689.559807547506;Train
2009;44305;41193.957878060326;Train
2010;39876;40606.651195074905;Train
2011;45757;43162.35192841866;Train
1961;7121;9690.771002649015;Train
1962;7171;9509.586986350701;Train
1963;8112;9717.670375977461;Train
1964;9337;10153.16505411411;Train
1965;9277;10168.584335379934;Train
1966;9683;10274.302401026662;Train
1967;10620;11243.01912188625;Train
1968;11144;11131.361504042903;Train
1969;12223;12036.141392445727;Train
1970;12903;12333.606232563789;Train
1971;13072;12490.85524414584;Train
1972;13174;12540.662457735229;Train
1973;13679;13500.36746284378;Train
1974;13893;13714.848327577993;Train
1975;15324;14271.749980469474;Train
1976;15662;14314.013228927748;Train
1977;14636;14202.049907743609;Train
1978;14139;14671.387079664222;Train
1979;15365;15766.920913269178;Train
1980;16677;15001.103516384646;Train
1981;17032;16328.636291066396;Train
1982;16468;16286.52003396834;Train
1983;17734;16988.667963477776;Train
1984;17814;17622.008496253136;Train
1985;18286;17792.84169855833;Train
1986;18546;18071.006530238352;Train
1987;18296;17746.317162270137;Train
1988;18127;18068.406051774014;Train
1989;20500;19110.812299422185;Train
1990;18947;19747.684919950738;Train
1991;20218;20284.899308118125;Train
1992;20432;20370.707822007014;Train
1993;20248;19473.687337794494;Train
1994;20048;20171.11097399012;Train
1995;20059;19723.812950379106;Train
1996;20058;20632.116007189838;Train
1997;19177;19772.040740500088;Train
1998;20247;20358.17367872992;Train
1999;19905;19716.178803123657;Train
2000;20723;20466.99095734787;Train
2001;20463;19815.670486280324;Train
2002;19389;19918.271230609695;Train
2003;20666;20321.064387644594;Train
2004;20264;20305.350436824927;Train
2005;20068;20185.84431279048;Train
2006;19841;20375.366279496804;Train
2007;20639;20099.83756825522;Train
2008;20115;20330.997156102865;Train
2009;20701;21761.6447879457;Train
2010;20684;20575.085535180373;Train
2011;20216;21612.14557066413;Train
1961;6807;9143.668868681574;Train
1962;9013;9494.020363697518;Train
1963;8737;9429.751854823522;Train
1964;7861;9557.418013329787;Train
1965;7188;9627.514640715779;Train
1966;12266;10946.846158995462;Train
1967;8934;11140.700642888358;Train
1968;8915;11563.056387983559;Train
1969;11346;12204.88564488503;Train
1970;10418;12460.266566632907;Train
1971;11572;12009.958006016011;Train
1972;12372;13291.856148267989;Train
1973;10936;12215.896478939801;Train
1974;12591;14076.988131303726;Train
1975;12538;13518.541241808598;Train
1976;12094;13782.072152012062;Train
1977;13479;14258.35379867096;Train
1978;16235;15955.816307738018;Train
1979;14427;14593.56578152162;Train
1980;14998;22653.0363461499;Train
1981;18280;16385.911389163834;Train
1982;17386;17105.52509244535;Train
1983;15948;18456.41147644155;Train
1984;20198;18202.87620003626;Train
1985;19621;16824.08792411291;Train
1986;18663;17665.867469319313;Train
1987;16008;15349.513982647333;Train
1988;18502;17521.961274281715;Train
1989;18601;16787.024576167583;Train
1990;17077;16902.358685927473;Train
1991;14475;14001.484963276402;Train
1992;16850;14474.17807557758;Train
1993;13310;13496.073975031022;Train
1994;12767;13847.121475973168;Train
1995;15775;16343.05807378697;Train
1996;21201;19918.087789010777;Train
1997;17934;18484.87330538706;Train
1998;21804;19528.52746359616;Train
1999;21242;20401.13770181078;Train
2000;18474;20293.182477389248;Train
2001;25050;21577.88766496173;Train
2002;22122;21626.520185898047;Train
2003;18587;21227.577584140887;Train
2004;25321;22882.04937268215;Train
2005;25878;23633.532949700253;Train
2006;24994;23550.673878262212;Train
2007;22169;21251.99720051944;Train
2008;26901;24333.593784802226;Train
2009;25108;22927.92218081972;Train
2010;21732;23569.989831483228;Train
2011;28571;25343.280811545188;Train
1961;24873;25610.61705871324;Train
1962;25007;23532.345424739608;Train
1963;23751;23370.375854918202;Train
1964;20684;23022.446047897003;Train
1965;23358;23982.95152136447;Train
1966;24761;26211.077561087823;Train
1967;27054;27503.842805045995;Train
1968;27396;28052.2305146674;Train
1969;26335;30616.529661985947;Train
1970;25841;28882.438255118694;Train
1971;27659;32050.01538176708;Train
1972;24255;25942.094313069483;Train
1973;27917;27405.393394751143;Train
1974;27815;29614.682593460508;Train
1975;25086;27146.75656557053;Train
1976;24900;26464.85565957374;Train
1977;28660;26698.54488662224;Train
1978;24468;25084.36632204793;Train
1979;22244;22667.894967248027;Train
1980;21154;23513.738256734807;Train
1981;19000;21740.13221532785;Train
1982;23235;22423.89872765278;Train
1983;19731;21812.112115215605;Train
1984;24370;24112.493766826225;Train
1985;20788;21808.048361187684;Train
1986;20295;21611.868458313937;Train
1987;23003;24577.090278866268;Train
1988;24669;23172.43439993189;Train
1989;22429;23658.620448845602;Train
1990;24897;25575.538471017386;Train
1991;27854;27633.223215033795;Train
1992;28869;27437.48163701805;Train
1993;26343;27310.689821541855;Train
1994;30000;28536.714804011925;Train
1995;27589;27929.15876125493;Train
1996;30165;29145.415703520997;Train
1997;25934;27004.99949664453;Train
1998;26054;26933.07394939432;Train
1999;31943;30919.996201656024;Train
2000;33689;32086.326728986198;Train
2001;33399;33129.89694809005;Train
2002;33675;32773.49656411243;Train
2003;34380;34242.434021472225;Train
2004;41519;37828.40101170374;Train
2005;34678;34740.36555867066;Train
2006;33296;33404.65332428561;Train
2007;34103;34441.55682844255;Train
2008;30795;31899.456304649684;Train
2009;27549;29679.88858552511;Train
2010;34393;34738.089904186876;Train
2011;34240;33812.020244638734;Train
1961;10383;9819.612274136263;Train
1962;9453;9678.779916128004;Train
1963;11359;10072.48820684945;Train
1964;10744;10231.451809332155;Train
1965;10191;10409.219268804512;Train
1966;11114;10854.036964872645;Train
1967;11825;11163.91768734036;Train
1968;12412;11190.438709932041;Train
1969;12981;11281.339580314292;Train
1970;12805;12009.73919343554;Train
1971;13722;13856.302168161594;Train
1972;15204;12293.132099937564;Train
1973;15862;14149.408445800855;Train
1974;15699;13682.978775648684;Train
1975;16232;14128.108224911355;Train
1976;16837;12800.796013740173;Train
1977;16610;15981.550052494511;Train
1978;16487;17466.509494114012;Train
1979;17895;17524.02273852238;Train
1980;18120;17809.486282631045;Train
1981;18768;17892.25666547761;Train
1982;17324;17685.840477794798;Train
1983;17047;17219.260248711376;Train
1984;17661;17742.454001174196;Train
1985;17441;17765.804339248287;Train
1986;19100;18322.803326524892;Train
1987;18765;18395.9342356158;Train
1988;18423;17980.715976787247;Train
1989;19716;17836.860084668675;Train
1990;19162;20578.46;Train
1991;20011;23819.273886904764;Train
1992;22659;22258.164744047615;Train
1993;22457;22269.623744047618;Train
1994;23378;23190.343277777778;Train
1995;23289;23117.522333333334;Train
1996;22467;27025.857113237656;Train
1997;22261;22887.368250000003;Train
1998;24342;23961.660056818182;Train
1999;24184;24540.753362373736;Train
2000;25070;24716.616965153306;Train
2001;25091;24717.520605676058;Train
2002;24100;23938.288440549524;Train
2003;21770;23304.40373601909;Train
2004;25149;24890.465379643425;Train
2005;25082;24982.250489408652;Train
2006;24607;25027.056235530184;Train
2007;25630;25383.11155189255;Train
2008;22724;24366.360450221564;Train
2009;24835;25271.68534693242;Train
2010;24968;25859.65295021266;Train
2011;24916;26362.54271085505;Train
1992;12048;13643.19775797183;Train
1993;14501;13537.773249255524;Train
1994;12996;13599.03638833693;Train
1995;11470;12674.842042766188;Train
1996;13747;13804.196537894273;Train
1997;13595;13108.372657884203;Train
1998;11804;12751.340454082701;Train
1999;15878;14147.638204736368;Train
2000;14563;14453.020229744117;Train
2001;11167;12814.604853136516;Train
2002;14336;14166.286160096408;Train
2003;13535;14051.442963085527;Train
2004;12851;13563.397732775744;Train
2005;14594;14118.023226830026;Train
2006;12215;13604.760316200474;Train
2007;15933;15482.928756414723;Train
2008;17815;16774.675381101613;Train
2009;17513;16843.165095739016;Train
2010;16080;16441.109876575887;Train
2011;16801;16698.62898920334;Train
1992;9492;12736.761634309625;Train
1993;14541;13052.41700794284;Train
1994;9411;12073.15587251119;Train
1995;12799;13169.754856282252;Train
1996;16315;14321.127905142632;Train
1997;15097;13665.83408548594;Train
1998;13577;12985.080876168851;Train
1999;14105;14252.416380345878;Train
2000;16392;14513.36243284762;Train
2001;10287;12706.673860953906;Train
2002;15437;14484.368181618736;Train
2003;15440;14907.687991441284;Train
2004;12880;13209.359053768656;Train
2005;12099;13460.486128612978;Train
2006;7908;11498.82683636126;Train
2007;10911;17829.680685152493;Train
2008;14802;16660.39709978358;Train
2009;14217;16211.821699732005;Train
2010;13030;18888.198903086974;Train
2011;15589;16590.820830181005;Train
2006;13045;12810.566911736985;Train
2007;10504;12490.553380229538;Train
2008;13098;13126.655229648177;Train
2009;15098;14208.752352645743;Train
2010;14596;14734.193069095956;Train
2011;16500;15490.279704413491;Train
1961;28040;27180.703586384538;Train
1962;30497;29106.030525688035;Train
1963;28784;30168.84322570678;Train
1964;32990;30971.57373997652;Train
1965;25890;28466.991591828886;Train
1966;31560;29897.701296675557;Train
1967;35029;32737.24903925443;Train
1968;34370;32068.427535143335;Train
1969;32372;32340.69274665128;Train
1970;35649;33162.55762992826;Train
1971;37313;33932.60386914825;Train
1972;37488;34253.21774443847;Train
1973;36829;35621.905888985486;Train
1974;42918;36763.217602773984;Train
1975;33098;33818.86637304882;Train
1976;30196;32733.331827784394;Train
1977;34300;33859.937140991686;Train
1978;38572;36337.08930562816;Train
1979;37772;36873.27076118039;Train
1980;36413;36837.61316207524;Train
1981;39072;37901.08219166764;Train
1982;37472;36786.43678767932;Train
1983;33132;35477.37099911321;Train
1984;41698;39489.67360853487;Train
1985;42339;40909.70345801976;Train
1986;41074;40489.58342230547;Train
1987;44879;42261.67018733904;Train
1988;41974;41117.780180341164;Train
1989;41532;39903.67316212205;Train
1990;40138;39386.22825000001;Train
1991;38671;38670.30416666667;Train
1992;40817;40722.57982142859;Train
1993;43766;42812.78521274114;Train
1994;41450;41422.09677214842;Train
1995;41006;41166.0238328627;Train
1996;43681;42404.39555688609;Train
1997;44319;43334.310993546664;Train
1998;41488;42541.29011966331;Train
1999;46283;44870.807214353954;Train
2000;45655;44868.97352871686;Train
2001;43411;44190.56792787274;Train
2002;44569;44600.016437262864;Train
2003;40775;41612.66405714242;Train
2004;45683;44807.95595714953;Train
2005;43442;43769.859846194304;Train
2006;40049;42017.62249487162;Train
2007;43788;44302.68519310716;Train
2008;45574;45013.14482526505;Train
2009;46338;45372.271966051914;Train
2010;43598;43715.05129948291;Train
2011;46055;45957.99623794961;Train
1961;22930;21702.43784701894;Train
1962;18246;20134.942286621383;Train
1963;23581;22743.7244154211;Train
1964;16406;20515.884003984655;Train
1965;23475;23484.847374570807;Train
1966;24430;23622.969954860302;Train
1967;20100;21992.160357537767;Train
1968;23976;24265.453834724267;Train
1969;26251;24155.970270619157;Train
1970;25574;24504.26644339936;Train
1971;22812;23671.32596625073;Train
1972;22056;24335.131250142902;Train
1973;22960;23659.425174251202;Train
1974;28502;25823.97813295408;Train
1975;19021;22657.797348202337;Train
1976;20082;24117.57091040929;Train
1977;24987;25659.275112845753;Train
1978;27077;26975.614723958606;Train
1979;23665;26814.184125551834;Train
1980;27973;27427.833038003373;Train
1981;26015;25830.91992098525;Train
1982;25515;25715.89942278645;Train
1983;24479;25101.574299627497;Train
1984;25857;25701.712139019724;Train
1985;24275;25017.683039181713;Train
1986;23380;25013.42925858115;Train
1987;21579;25121.40822047925;Train
1988;26157;25603.644461300002;Train
1989;24229;24767.097467363335;Train
1990;25751;25147.31164683071;Train
1991;22749;24970.539724278413;Train
1992;26773;24872.087437286154;Train
1993;24960;24953.05712721939;Train
1994;23085;24968.849840687006;Train
1995;22236;25074.088496128606;Train
1996;23132;25060.936091653726;Train
1997;26234;25207.30809064324;Train
1998;26842;25297.179033627246;Train
1999;25626;25275.941943964142;Train
2000;23589;24704.604164108147;Train
2001;26288;25337.43533646162;Train
2002;25614;25300.342925747336;Train
2003;25165;25423.72306248642;Train
2004;27943;25549.80553229657;Train
2005;23052;25041.40986486698;Train
2006;26933;25628.965975566407;Train
2007;22798;24625.284333639444;Train
2008;27819;25647.48200496038;Train
2009;24184;25108.028910455854;Train
2010;25166;25875.457732217037;Train
2011;22914;24764.30934307465;Train
1961;16034;14639.717552143182;Train
1962;12995;14122.115201668857;Train
1963;15799;15500.894649126558;Train
1964;16914;15866.507032236075;Train
1965;15429;15035.028070001117;Train
1966;16890;15395.615247506417;Train
1967;17589;14377.57487001284;Train
1968;18488;17863.777805970887;Train
1969;16530;17461.88425033384;Train
1970;18411;18568.147561782385;Train
1971;14910;17719.77863430963;Train
1972;18349;21586.673002406562;Train
1973;19388;20941.34079479549;Train
1974;18078;22701.562159987418;Train
1975;17990;19804.976505874536;Train
1976;20256;19548.876681987975;Train
1977;16887;22504.133707681918;Train
1978;19769;22470.203944512563;Train
1979;20311;22273.097838905946;Train
1980;11260;20390.966819641537;Train
1981;18852;21890.06664704583;Train
1982;14671;17285.835037334014;Train
1983;15529;18467.514214600455;Train
1984;17439;18740.019238256104;Train
1985;17444;23892.169018200835;Train
1986;19434;24633.69305589787;Train
1987;18744;23981.159870640968;Train
1988;18599;24566.965579839707;Train
1989;18505;19070.868335202173;Train
1990;19785;17438.71328602813;Train
1991;16759;15718.935563932962;Train
1992;13309;15123.76566272523;Train
1993;20600;18087.301620009763;Train
1994;13585;17010.860525180804;Train
1995;16351;17653.1878581919;Train
1996;20283;18480.26608337031;Train
1997;15903;17756.185619621305;Train
1998;20038;18975.203503147583;Train
1999;15717;17956.74003581787;Train
2000;19376;19048.95953396159;Train
2001;16227;19784.813102247725;Train
2002;19322;19260.270767242917;Train
2003;17932;19663.435173240592;Train
2004;19627;19843.784971944802;Train
2005;17629;19218.92719983457;Train
2006;15039;18748.984340571755;Train
2007;20701;23292.355504669315;Train
2008;19061;19897.90329672589;Train
2009;19102;20960.770518881898;Train
2010;21084;23499.274581337686;Train
2011;23034;21422.46867692364;Train
1961;9754;9650.628396426166;Train
1962;8780;9627.847982554855;Train
1963;10723;9901.298732295592;Train
1964;10469;9855.289807807723;Train
1965;8778;9649.089830415978;Train
1966;9135;9899.799383995472;Train
1967;10920;10622.46097986523;Train
1968;10081;10554.758401930017;Train
1969;10415;10408.7734864791;Train
1970;10727;10501.594754997073;Train
1971;10186;11195.911157136527;Train
1972;9998;11115.454853882235;Train
1973;9787;10269.165684958514;Train
1974;9884;10350.01195928464;Train
1975;9483;10088.463582310198;Train
1976;7976;9336.627245216683;Train
1977;9532;9817.060697079987;Train
1978;9458;9719.52452869698;Train
1979;9473;9844.329761322333;Train
1980;9761;9715.101268899834;Train
1981;7865;9390.716973539804;Train
1982;8687;9477.27629331213;Train
1983;7652;9012.18908101713;Train
1984;8562;9171.752861178229;Train
1985;9194;9658.403620811347;Train
1986;12885;11606.456736266053;Train
1987;13095;11603.317376252573;Train
1988;10719;11819.051298872288;Train
1989;11268;10685.560171980229;Train
1990;11160;13306.15841508363;Train
1991;12651;14129.80310079801;Train
1992;14326;15356.141845135768;Train
1993;13942;14784.305191417956;Train
1994;14495;14705.760062303718;Train
1995;14846;14783.032556557091;Train
1996;14581;15128.608334255252;Train
1997;12395;14107.295303136425;Train
1998;13755;15282.858499568194;Train
1999;15648;15855.44097962626;Train
2000;13820;14889.994718212594;Train
2001;14973;15377.89605001094;Train
2002;16164;16114.34146164287;Train
2003;16081;16212.864140464926;Train
2004;16994;16978.338551298853;Train
2005;14728;16477.58126555385;Train
2006;16106;16246.878045334437;Train
2007;16769;18182.72978545366;Train
2008;15752;16638.06731787733;Train
2009;16443;17036.011692286746;Train
2010;15034;16461.979275305144;Train
2011;14709;16447.41719129699;Train
1961;9560;9439.407207827182;Train
1962;8522;9014.97563207753;Train
1963;8113;9076.165359830191;Train
1964;8229;9176.165402061824;Train
1965;7039;10304.511590271915;Train
1966;10564;10044.50680566368;Train
1967;9613;10577.857290685553;Train
1968;11200;10956.50275033351;Train
1969;6746;9596.779758667984;Train
1970;6855;9474.163934241642;Train
1971;12334;11251.854526688658;Train
1972;11748;10508.033873414366;Train
1973;8871;11502.192792012545;Train
1974;13270;12037.24822772576;Train
1975;8905;11938.339609268527;Train
1976;15914;15025.63624173959;Train
1977;13744;13873.37489584766;Train
1978;14622;16318.172343300555;Train
1979;15536;13816.54172576347;Train
1980;13763;14436.377632814583;Train
1981;14885;15011.92721776688;Train
1982;16102;16497.7671339108;Train
1983;19455;15697.720220531543;Train
1984;20480;17345.699073739837;Train
1985;20658;19141.40979396291;Train
1986;15760;15702.852963569632;Train
1987;13065;15030.081712783678;Train
1988;11114;13645.80557041085;Train
1989;12578;13967.513647650994;Train
1990;11000;15771.654223974163;Train
1991;7973;9994.672202472704;Train
1992;11896;12561.567187399249;Train
1993;14895;13890.816079010421;Train
1994;11853;12101.36076339217;Train
1995;12361;12250.235380374825;Train
1996;13976;12625.35365630383;Train
1997;12664;12530.363633895977;Train
1998;12830;12824.39503504613;Train
1999;14496;13083.360396938284;Train
2000;12328;12843.749012834302;Train
2001;14477;14005.854708321054;Train
2002;14440;13731.076302152158;Train
2003;14004;13961.161174985245;Train
2004;16654;15311.922301624845;Train
2005;13104;15243.050967195702;Train
2006;14186;14484.109253384688;Train
2007;13621;14806.025092264987;Train
2008;14049;14660.966035353245;Train
2009;15381;15198.353030607288;Train
2010;13296;15575.412315972359;Train
2011;16415;15734.572121171346;Train
1992;12100;16610.970317749703;Train
1993;12574;20279.590477781927;Train
1994;17268;19986.38652696965;Train
1995;18991;20854.310325959763;Train
1996;19300;20959.90235718104;Train
1997;20478;20617.92906976617;Train
1998;21268;21776.507362079577;Train
1999;19726;21032.34593086055;Train
2000;20795;21172.75132417701;Train
2001;19047;20843.301891274754;Train
2002;23332;21688.209860319555;Train
2003;15751;18219.615302732844;Train
2004;25095;25485.440623230203;Train
2005;22949;22630.51633961119;Train
2006;18131;20045.340459152547;Train
2007;22847;21605.336012464304;Train
2008;22661;22229.985259216384;Train
2009;24773;23059.68497488283;Train
2010;24535;26647.35136756284;Train
2011;26423;21914.631465711907;Train
1961;11813;10026.182131648577;Train
1962;10160;9970.737717953341;Train
1963;12356;10245.00375620652;Train
1964;11649;10441.182456866238;Train
1965;11071;10305.62766873167;Train
1966;11808;11091.717789149618;Train
1967;11935;11184.769669398105;Train
1968;11897;11285.345200651458;Train
1969;12716;11501.022297686855;Train
1970;13355;11749.402779011438;Train
1971;12354;11762.114097552892;Train
1972;13152;11227.528188003334;Train
1973;13640;12366.7070289343;Train
1974;13984;12510.951428499951;Train
1975;13872;12590.091792209381;Train
1976;14480;13828.956803807676;Train
1977;14607;13838.95292275356;Train
1978;14444;14384.20141875619;Train
1979;15893;14923.309567091346;Train
1980;16153;15254.613526367282;Train
1981;15962;14979.041698972018;Train
1982;15435;15021.52768573588;Train
1983;15185;15228.553791483522;Train
1984;17209;15617.814969980955;Train
1985;17911;15951.12331760007;Train
1986;17269;15945.988725510317;Train
1987;18820;16474.913762593365;Train
1988;16057;15979.579624470014;Train
1989;19295;16419.91771840977;Train
1990;19649;19227.582607948883;Train
1991;19467;19057.160450782052;Train
1992;20146;18332.649721757934;Train
1993;18375;17954.494904850395;Train
1994;19234;18626.90202369978;Train
1995;18999;18656.077317531715;Train
1996;21192;20407.13372600163;Train
1997;21682;21047.00023894218;Train
1998;23439;23224.424004485045;Train
1999;24742;23555.995783454957;Train
2000;25920;24949.48168707631;Train
2001;25993;25573.264190641592;Train
2002;27946;26935.173826799622;Train
2003;26359;26459.254009187807;Train
2004;27160;27146.36235530412;Train
2005;26984;26874.48172703615;Train
2006;28842;27615.94884536227;Train
2007;28924;27641.199534447947;Train
2008;26217;26573.2406330553;Train
2009;31855;28079.817177053363;Train
2010;29391;28369.611999867204;Train
2011;30741;29054.351169477213;Train
1961;17630;18024.338692035748;Train
1962;18780;17145.64278143275;Train
1963;23242;20973.22886369771;Train
1964;21376;20258.755721671445;Train
1965;24847;21805.950732142854;Train
1966;24933;23920.205678571427;Train
1967;25613;24045.117854324857;Train
1968;26390;23492.8764492371;Train
1969;17674;18648.446853870486;Train
1970;27874;24842.74433501435;Train
1971;25006;24561.51989790846;Train
1972;25322;25294.853377397692;Train
1973;20959;19861.345211251784;Train
1974;27000;25793.906120863754;Train
1975;19915;21215.15593447298;Train
1976;23229;21061.539192923243;Train
1977;26945;25678.782007527843;Train
1978;29911;26464.090910483083;Train
1979;30738;29258.817245634324;Train
1980;26604;26472.926323181495;Train
1981;29401;28619.719661332616;Train
1982;25525;25586.92541048308;Train
1983;23262;25883.25877641198;Train
1984;32546;29749.789924648052;Train
1985;32791;30411.310319506214;Train
1986;31042;29917.429963042974;Train
1987;24747;27278.84888000485;Train
1988;35634;33226.783238991295;Train
1989;34966;31981.43103699993;Train
1990;34803;31824.89717643179;Train
1991;29161;29891.150531738716;Train
1992;33154;33023.08154541725;Train
1993;37510;35041.01465349938;Train
1994;32218;30853.798133548884;Train
1995;30679;31310.844463591962;Train
1996;32812;32859.65059194074;Train
1997;33901;32880.161766183155;Train
1998;35576;33248.68445874107;Train
1999;30195;30812.3715792372;Train
2000;29788;29822.78334620918;Train
2001;28695;29571.047255964586;Train
2002;28791;28418.51848114006;Train
2003;28065;27845.008638482723;Train
2004;30915;30818.0479526973;Train
2005;31107;29762.366061231387;Train
2006;27601;28615.91659275627;Train
2007;27663;28403.730629413207;Train
2008;31718;30156.326435108374;Train
2009;31821;28062.560531149087;Train
2010;30122;29529.520412288446;Train
2011;31968;30039.089856777555;Train
1961;24300;23789.295270971492;Train
1962;23000;23860.91306581579;Train
1963;26500;25201.873807846383;Train
1964;26800;26326.548292135965;Train
1965;23100;25078.892075110343;Train
1966;26900;26820.664936831956;Train
1967;29600;29490.06070550701;Train
1968;30000;30154.70749378665;Train
1969;30100;30731.84506558214;Train
1970;31500;31547.253217022535;Train
1971;37700;31980.38059876561;Train
1972;31700;32114.235326387326;Train
1973;36400;35719.663919135004;Train
1974;38700;35979.96699587563;Train
1975;36585;35363.95541027417;Train
1976;31400;30972.04717276588;Train
1977;29700;33019.271117394215;Train
1978;37200;35851.888058616074;Train
1979;36300;35737.06894642272;Train
1980;34601;35417.74142491644;Train
1981;42602;39701.97957878151;Train
1982;39502;37558.46382378759;Train
1983;30000;33518.80881069661;Train
1984;39802;37406.72214113367;Train
1985;38798;38090.58831585944;Train
1986;36596;36786.21428400539;Train
1987;32399;35237.80169689808;Train
1988;41000;38227.98701682734;Train
1989;38500;34614.08126801306;Train
1990;37902;39121.17211090609;Train
1991;39879;39335.48740191973;Train
1992;42285;41015.29278513765;Train
1993;43926;41183.69740923577;Train
1994;33174;36049.927915050226;Train
1995;35294;36789.661993518035;Train
1996;48722;44708.31904128219;Train
1997;45916;41273.964728952706;Train
1998;40337;39628.363578166594;Train
1999;35226;36504.71725681182;Train
2000;42436;40644.79695367608;Train
2001;37570;38498.84283781088;Train
2002;39094;37114.15005863131;Train
2003;33731;30314.641079670535;Train
2004;39498;37536.6478448035;Train
2005;38745;31877.613035749506;Train
2006;32699;34164.820026241265;Train
2007;41703;41526.95070220955;Train
2008;42784;42174.271290533674;Train
2009;46500;41851.95927574778;Train
2010;38698;40558.3500734452;Train
2011;45778;40592.48655161332;Train
1961;9558;10206.34987739127;Train
1962;10877;10542.089671123606;Train
1963;11429;10884.047774625284;Train
1964;11724;10983.774006233703;Train
1965;11586;11087.926151943353;Train
1966;11667;11600.048192324464;Train
1967;11733;11599.87893053643;Train
1968;12196;11857.216896067075;Train
1969;12347;12085.072354248456;Train
1970;12355;12111.239703172114;Train
1971;12426;12194.615880481673;Train
1972;12644;12212.22590545884;Train
1973;12222;12227.213532193904;Train
1974;12297;12444.223378941111;Train
1975;13989;13048.67518672836;Train
1976;15323;14466.861463172912;Train
1977;15556;15026.446951456224;Train
1978;15278;15216.782904097503;Train
1979;16982;16229.226041763432;Train
1980;16393;16400.961414023077;Train
1981;16667;16345.74963802992;Train
1982;16667;16330.527699529972;Train
1983;16487;16587.247354047235;Train
1984;16863;16932.298494358878;Train
1985;19815;18442.83396856742;Train
1986;20410;19335.05584979595;Train
1987;22173;20193.08171062895;Train
1988;22397;20532.48044481026;Train
1989;21711;20511.572415908013;Train
1990;22437;23024.335297619047;Train
1991;23065;23190.99265150886;Train
1992;23605;23393.004720238092;Train
1993;24232;23805.748934523814;Train
1994;22919;22989.517080080284;Train
1995;23771;23684.773553571427;Train
1996;23576;24154.205636904757;Train
1997;24182;24265.46354166666;Train
1998;25889;25388.3553560606;Train
1999;27298;26639.42385732323;Train
2000;26376;26334.032606570356;Train
2001;25041;25653.80457458906;Train
2002;26297;26344.56275359338;Train
2003;27257;26903.086465908236;Train
2004;26873;26747.325632574903;Train
2005;26720;27237.554729897878;Train
2006;27662;27093.099257922397;Train
2007;27721;27817.302637185043;Train
2008;28391;28232.467429032084;Train
2009;30821;30992.526045010545;Train
2010;32511;31364.05492156732;Train
2011;32598;31216.974602886006;Train
1992;11891;15490.669780514228;Train
1993;13696;12374.819727409482;Train
1994;10545;11601.765597560552;Train
1995;9623;10929.433591670064;Train
1996;11886;11328.791876592679;Train
1997;10588;11318.026430982729;Train
1998;10180;11046.99398270919;Train
1999;8203;10513.51683762943;Train
2000;12163;11514.67138327944;Train
2001;10808;11568.189971353973;Train
2002;10437;11561.946451633892;Train
2003;11628;12216.131528301648;Train
2004;13339;13049.576842311435;Train
2005;12839;13043.308237100824;Train
2006;13320;13234.934839179301;Train
2007;13144;13760.573653232897;Train
2008;13873;14775.624183382384;Train
2009;13930;14295.407433114811;Train
2010;13248;14862.736887407367;Train
2011;16804;16521.058470426055;Train
1961;22479;22512.833761388385;Train
1962;22737;22657.199674739983;Train
1963;21545;22579.54725805209;Train
1964;22534;22412.802366207037;Train
1965;25335;24208.502478760965;Train
1966;24371;24603.333918492994;Train
1967;25113;25156.557990864596;Train
1968;24654;24993.40809522241;Train
1969;25050;23479.32988801055;Train
1970;27636;25303.849945884216;Train
1971;28896;24781.783107474846;Train
1972;27785;24831.479111299304;Train
1973;30303;25186.887907961933;Train
1974;31668;25661.335351650767;Train
1975;23466;23647.42225616078;Train
1976;21572;22320.461192705556;Train
1977;28539;26101.849993625958;Train
1978;34241;28949.164981509148;Train
1979;31867;28381.98244653308;Train
1980;34490;29040.073500315648;Train
1981;32314;29769.286368203993;Train
1982;35807;31290.049821167617;Train
1983;30180;29157.2480822891;Train
1984;37046;32750.27292707368;Train
1985;35859;34074.26604983198;Train
1986;35841;32588.253003539754;Train
1987;37829;34585.81907376189;Train
1988;38074;34907.155656591865;Train
1989;35826;33180.2617744261;Train
1990;36516;36851.20108333333;Train
1991;35407;35066.2301468254;Train
1992;43387;40385.85370015279;Train
1993;41579;40273.384304853644;Train
1994;39996;39655.0753997416;Train
1995;37450;38430.93269050639;Train
1996;40744;40407.087805559226;Train
1997;42966;41323.185945135396;Train
1998;39135;39763.92630472827;Train
1999;40152;40336.50393694328;Train
2000;39976;40014.13115037107;Train
2001;40297;40615.59191560335;Train
2002;44089;42156.641060550995;Train
2003;40814;41397.4265704032;Train
2004;42478;42312.647464598056;Train
2005;43515;42608.243942343266;Train
2006;41589;41596.10888075244;Train
2007;40193;41509.620319684414;Train
2008;41660;42224.872001308526;Train
2009;44417;43161.413671346214;Train
2010;43884;43108.67731632227;Train
2011;43219;42833.17908596967;Train
2012;25054;20073.647542207797;Test
2013;26011;21397.68633333333;Test
2014;25000;21397.68633333333;Test
2015;24257;21617.458499999997;Test
2016;24589;21914.002041666667;Test
2017;25111;21756.432833333332;Test
2018;26171;20830.99343831169;Test
2019;25646;22043.734249999998;Test
2020;26274;20941.08261904762;Test
2021;24943;20893.9179025974;Test
2022;26506;17628.405109826286;Test
2023;27233;17772.40698704074;Test
2012;30549;31299.15267735345;Test
2013;28590;31681.803135595586;Test
2014;35102;31774.433919771214;Test
2015;26339;31499.841162147484;Test
2016;36156;31041.578641762626;Test
2017;28420;30046.23257430918;Test
2018;29374;31401.60068476509;Test
2019;31342;29605.92563974673;Test
2020;36517;28843.22024753307;Test
2021;34118;28887.696967420838;Test
2022;32007;30184.67780126566;Test
2023;28809;31185.709825981754;Test
2012;20813;27167.41334068316;Test
2013;19354;24534.986395246066;Test
2014;20309;21178.508755175135;Test
2015;19150;26260.893453691926;Test
2016;20462;18506.290977244797;Test
2017;23398;19050.894536472944;Test
2018;21523;17707.07852675227;Test
2019;23151;28166.76444099336;Test
2020;20901;27347.152490580902;Test
2021;19502;27640.728142609834;Test
2022;22254;32333.86182804832;Test
2023;21950;39418.11380159298;Test
2012;45423;45735.16122152172;Test
2013;45464;45971.39258353471;Test
2014;54000;41322.3747403359;Test
2015;46923;45548.03429980454;Test
2016;38163;45388.05788025187;Test
2017;47565;45489.97639504264;Test
2018;32631;40217.919796934875;Test
2019;41019;45573.87759345534;Test
2020;40363;41306.31410036477;Test
2021;43055;44966.556031947395;Test
2022;38914;35488.553166827674;Test
2023;42026;34332.30834434393;Test
2012;10152;18307.83056481265;Test
2013;14613;19441.167259336726;Test
2014;13005;21155.387234218546;Test
2015;14963;18129.17786979391;Test
2016;15184;24543.29465724767;Test
2017;17790;25985.350797961935;Test
2018;18560;24019.47076417599;Test
2019;21250;21089.97163052318;Test
2020;19330;23136.504827563236;Test
2021;17949;26153.753923399785;Test
2022;18800;24459.588671812573;Test
2023;16986;26128.17509526711;Test
2012;14785;18350.042995148855;Test
2013;15879;19330.603102472094;Test
2014;15601;24043.24569494949;Test
2015;17038;18531.427713264515;Test
2016;19660;18602.246197871573;Test
2017;15874;17009.381625874274;Test
2018;19661;16839.212661588557;Test
2019;18440;16625.483959207606;Test
2020;18680;18013.993338297376;Test
2021;14543;18227.075965159984;Test
2022;14030;18338.690552735712;Test
2023;17466;19251.972140476195;Test
2012;42132;25761.18327991959;Test
2013;41573;28157.34295617382;Test
2014;43119;23599.068728407834;Test
2015;41413;29490.98995816747;Test
2016;42479;22508.507007756234;Test
2017;43682;30907.991384363828;Test
2018;34746;20820.40324180547;Test
2019;42482;26762.90623310433;Test
2020;43995;37266.13487182424;Test
2021;42253;37864.44204976602;Test
2022;44216;34391.0881605357;Test
2023;45126;33229.401021949125;Test
2012;18218;17033.760621834597;Test
2013;19356;17037.659630076356;Test
2014;18328;17319.693113925838;Test
2015;20207;16706.902415790642;Test
2016;15921;16855.18960668308;Test
2017;16923;16877.162457027185;Test
2018;17746;17313.407361789086;Test
2019;23568;17089.66612964623;Test
2020;26151;16668.693297533897;Test
2021;21309;16392.573760348856;Test
2022;23276;17138.31280623353;Test
2023;24781;17156.88264834975;Test
2012;23652;29649.33500618594;Test
2013;28131;27566.12707052372;Test
2014;27286;26966.77104928711;Test
2015;24297;28610.76400150273;Test
2016;27078;27772.984364672644;Test
2017;28863;27992.863485661946;Test
2018;28051;26325.95569237466;Test
2019;28921;27573.275495985778;Test
2020;30164;27612.325672410218;Test
2021;27486;27865.46494280174;Test
2022;27980;25338.4129537407;Test
2023;30188;29135.263773579463;Test
2012;41377;41232.37222390892;Test
2013;43156;41382.35014759635;Test
2014;47978;26401.115603845716;Test
2015;42505;41599.20340799281;Test
2016;38827;40264.368021527975;Test
2017;44046;40157.87520467815;Test
2018;39389;26183.810503265733;Test
2019;41323;41059.85155471701;Test
2020;40764;27209.143128848496;Test
2021;42475;39990.546007639074;Test
2022;38113;26656.126055571014;Test
2023;42187;27046.905071097146;Test
2012;44757;42385.17122437244;Test
2013;39826;42363.124724372436;Test
2014;47415;43655.85538894534;Test
2015;43812;42960.78016616375;Test
2016;44403;43243.738611353365;Test
2017;46786;40794.353621344824;Test
2018;35372;34543.58718479878;Test
2019;39036;42113.98930731163;Test
2020;42834;41968.72611332506;Test
2021;43794;36222.76555192839;Test
2022;40103;37466.288889705;Test
2023;43851;39332.744099314834;Test
2012;19917;20545.380278307737;Test
2013;20679;20542.480156452613;Test
2014;23580;23177.035498664503;Test
2015;24783;24331.817156697074;Test
2016;23704;22672.413400585818;Test
2017;25237;22761.908379930523;Test
2018;27675;21131.146623043176;Test
2019;29480;21561.69372752851;Test
2020;28648;20903.53570848337;Test
2021;30885;21744.459691557804;Test
2022;29670;22589.87159365179;Test
2023;28206;20025.814369334996;Test
2012;21839;24397.067671358916;Test
2013;23263;22711.36114066119;Test
2014;27046;21924.625944513547;Test
2015;24126;22388.30699574285;Test
2016;26166;24271.80521811082;Test
2017;24618;21342.40184612145;Test
2018;24247;20932.66641165176;Test
2019;25850;20947.029407377446;Test
2020;26299;21564.865273700816;Test
2021;27348;21667.086056029646;Test
2022;24324;22766.264961977085;Test
2023;27735;23139.726065174724;Test
2012;25778;32654.60469453218;Test
2013;38327;35118.175933718;Test
2014;40316;33053.571150268115;Test
2015;42365;32868.25358839943;Test
2016;39111;34887.160576575145;Test
2017;44931;34210.70644129375;Test
2018;33173;33225.47306972087;Test
2019;44103;32977.20332090303;Test
2020;33763;32557.96900903434;Test
2021;45633;33175.58780979191;Test
2022;43339;33096.69777010938;Test
2023;39245;27596.24096428571;Test
2012;25451;27379.312012558465;Test
2013;25248;26207.401071244403;Test
2014;26083;26564.53477613162;Test
2015;27156;26748.80274423833;Test
2016;28437;26495.81156981553;Test
2017;27731;26968.27303372663;Test
2018;28163;26926.54351747361;Test
2019;28593;26738.27226213173;Test
2020;30299;26989.56609687181;Test
2021;29168;27656.943584597535;Test
2022;28343;28551.90311998758;Test
2023;27843;26963.19855535777;Test
2012;19110;19941.018785209682;Test
2013;18165;16092.24644198054;Test
2014;18869;17605.631582457503;Test
2015;20050;16010.646291573134;Test
2016;21281;19762.310236466677;Test
2017;18991;20594.384435127686;Test
2018;19818;16362.063915046789;Test
2019;22370;16203.04310888083;Test
2020;21306;17912.20430889324;Test
2021;15767;20302.23798925941;Test
2022;16935;16016.787493072648;Test
2023;18438;20392.76166573717;Test
2012;17078;22140.627070614384;Test
2013;14861;16646.509871847677;Test
2014;17161;16812.819538514344;Test
2015;16983;18731.91422915354;Test
2016;15899;33274.69982965157;Test
2017;12250;33958.74624602429;Test
2018;15506;16835.621855901787;Test
2019;18100;22962.23269375488;Test
2020;15726;22450.581662518136;Test
2021;13057;22896.713363065366;Test
2022;14916;30990.53697092926;Test
2023;18149;35201.58828580467;Test
2012;11803;15029.516489189751;Test
2013;14900;28792.138221726193;Test
2014;14780;24764.170878789522;Test
2015;16827;21637.355587900005;Test
2016;18551;25926.26871081349;Test
2017;17017;25556.978662242036;Test
2018;16125;24412.681767678416;Test
2019;16353;25049.968650614926;Test
2020;17248;25396.65693883547;Test
2021;17078;26693.502273042934;Test
2022;14790;19839.67074220042;Test
2023;16390;24381.37232323397;Test
2012;45173;45649.7680250032;Test
2013;42208;45697.24515615316;Test
2014;45660;41887.08818543965;Test
2015;42732;45854.609455160025;Test
2016;41996;45802.64275986266;Test
2017;45972;45523.877702387945;Test
2018;36606;43961.45907302092;Test
2019;42003;46311.98426943316;Test
2020;42675;42094.09613662443;Test
2021;41974;45701.10476878835;Test
2022;42612;42319.87056811369;Test
2023;41792;41229.044460574005;Test
2012;24053;25518.953768611234;Test
2013;25170;26470.863788076433;Test
2014;28975;26559.896500389452;Test
2015;25786;25014.998697755174;Test
2016;29272;26690.37890072893;Test
2017;26901;24835.26257928542;Test
2018;28104;26648.28735527438;Test
2019;28427;27350.930881860353;Test
2020;31392;25808.705216783546;Test
2021;31758;27376.554765784414;Test
2022;31633;26753.429899902298;Test
2023;27249;26362.19711392844;Test
2012;24375;22334.8466994851;Test
2013;21062;22138.29106647228;Test
2014;27766;21682.547995781795;Test
2015;21021;21935.04854473608;Test
2016;28630;37934.92233911065;Test
2017;27850;38813.9361736609;Test
2018;25130;21977.07609801076;Test
2019;21428;21898.04852171205;Test
2020;34766;22864.727447800575;Test
2021;30028;29070.948925192748;Test
2022;30753;21540.67217759998;Test
2023;29643;29421.7415357876;Test
2012;17789;16851.837961935926;Test
2013;18224;17399.5004657315;Test
2014;19838;19520.469390560876;Test
2015;19771;18440.524566830907;Test
2016;19361;18707.762653537407;Test
2017;21699;18008.693001710813;Test
2018;20754;17790.283157154663;Test
2019;23585;17727.377584477916;Test
2020;23368;17619.85129673111;Test
2021;24602;18538.514339558184;Test
2022;22042;17677.712145665068;Test
2023;22450;17354.358649393766;Test
2012;10762;15731.012824989088;Test
2013;15846;16817.061111465766;Test
2014;17366;16758.435897219864;Test
2015;13770;16164.80561509359;Test
2016;14443;17288.34739810868;Test
2017;18187;18768.679585975162;Test
2018;17442;24245.65968307083;Test
2019;15086;23520.73548835543;Test
2020;15849;23901.387123588633;Test
2021;16537;27324.417510027437;Test
2022;16662;23756.432224814675;Test
2023;14888;24813.508456092743;Test
2012;23406;23064.243975028432;Test
2013;18795;23506.40119513557;Test
2014;26894;24777.065372837144;Test
2015;27437;21493.826013552636;Test
2016;26841;24059.197111907466;Test
2017;24353;23345.5592618393;Test
2018;25950;21410.59414584103;Test
2019;23557;21836.63952756833;Test
2020;30263;21092.456344448346;Test
2021;23458;23385.3398909528;Test
2022;20149;20750.997730517996;Test
2023;23327;24463.609975127518;Test
2012;30439;29184.281169477217;Test
2013;30937;29282.421979517938;Test
2014;33492;27590.264382642592;Test
2015;31867;27750.104471747934;Test
2016;31139;29263.587312851272;Test
2017;31596;27833.146138414602;Test
2018;29796;28424.108660228663;Test
2019;33898;29923.392842432804;Test
2020;31374;27803.753765093476;Test
2021;32887;29873.643715448678;Test
2022;31334;26655.672620828132;Test
2023;32376;26548.72737082813;Test
2012;32581;29144.854447650207;Test
2013;33756;28114.97552731611;Test
2014;34542;29646.176796665255;Test
2015;34740;29630.23234288867;Test
2016;35729;27972.55021566321;Test
2017;34697;28877.025053184974;Test
2018;30238;27736.396935111457;Test
2019;35810;28418.951218939903;Test
2020;36444;28328.170703431293;Test
2021;34779;29910.77155249122;Test
2022;36403;28807.351770737136;Test
2023;36000;29244.46725095745;Test
2012;41103;27623.911074411557;Test
2013;32594;39338.41399201274;Test
2014;44423;39850.36806344132;Test
2015;35699;40525.3126042449;Test
2016;33915;41222.18799245674;Test
2017;40900;40337.216935337936;Test
2018;40299;34956.15056626848;Test
2019;37700;26595.062845015465;Test
2020;44600;26144.5795142615;Test
2021;32000;27464.615154799285;Test
2022;35541;24488.64491098188;Test
2023;33669;25997.096575187243;Test
2012;28140;32659.190790614943;Test
2013;31598;30758.04191302032;Test
2014;32448;31063.84745270286;Test
2015;30949;31432.26797651238;Test
2016;32825;30922.50727196693;Test
2017;33601;30662.964323554224;Test
2018;33480;31046.38127257742;Test
2019;35377;30875.105248157404;Test
2020;35143;30466.378139030418;Test
2021;36820;30575.73528188756;Test
2022;37391;30733.11718069709;Test
2023;37767;30831.59242257742;Test
2012;16100;16232.957118459179;Test
2013;15966;17000.667161059555;Test
2014;17645;17241.00544755024;Test
2015;16142;17348.047719528262;Test
2016;16583;17139.98452049179;Test
2017;16784;18125.717083822252;Test
2018;17050;16854.325899146665;Test
2019;15487;18064.013846885227;Test
2020;15724;23128.17417450079;Test
2021;16643;22328.68917957589;Test
2022;17354;15640.390106290395;Test
2023;17649;15492.52429210685;Test
2012;30557;42960.647652535095;Test
2013;40899;44160.99675949165;Test
2014;41922;41951.21881396266;Test
2015;43752;43603.304768391456;Test
2016;38813;43258.006175360875;Test
2017;42589;43510.52809600551;Test
2018;36143;43552.36547486934;Test
2019;36854;43221.50268438102;Test
2020;38710;44086.31215136792;Test
2021;37440;44592.77414979417;Test
2022;40043;39846.470715431526;Test
2023;40875;39017.71230480468;Test
