Area;Year;Fungicides and Bactericides;Herbicides;Insecticides;Pesticides (total)
Albania;1990;44;5;70;121
Albania;1991;44;5;70;121
Albania;1992;44;5;70;121
Albania;1993;44;5;70;121
Albania;1994;74;7;117;201
Albania;1995;94;8;145;251
Albania;1996;96;8;152;262
Albania;1997;99;8;158;274
Albania;1998;101;8;165;285
Albania;1999;103;8;172;297
Albania;2000;106;8;179;308
Albania;2001;108;8;185;319
Albania;2002;110;8;192;331
Albania;2003;113;8;199;342
Albania;2004;115;8;205;354
Albania;2005;118;8;212;365
Albania;2006;120;8;219;376
Albania;2007;122;8;226;388
Albania;2008;125;8;232;399
Albania;2009;127;8;239;411
Albania;2010;189;7;378;590
Albania;2011;209;20;321;583
Albania;2012;178;10;163;362
Albania;2013;183;22;216;451
Albania;2014;278;28;93;457
Albania;2015;237;68;155;538
Albania;2016;232;34;190;584
Albania;2017;242;56;202;615
Albania;2018;199;66;129;442
Albania;2019;352;117;151;746
Albania;2020;228;44;45;402
Albania;2021;249;40;45;433
Albania;2022;110;32;37;296
Albania;2023;110;32;37;296
Austria;1990;1683;1945;285;4246
Austria;1991;1843;2167;157;4487
Austria;1992;1483;1859;143;3897
Austria;1993;1580;1873;141;3984
Austria;1994;1560;1549;137;3619
Austria;1995;1409;1607;123;3402
Austria;1996;1697;1536;98;3565
Austria;1997;1685;1601;100;3690
Austria;1998;1473;1603;87;3340
Austria;1999;1393;1659;90;3419
Austria;2000;1598;1609;105;3563
Austria;2001;1336;1436;99;3132
Austria;2002;1300;1459;97;3079
Austria;2003;1706;1434;108;3385
Austria;2004;1488;1532;119;3302
Austria;2005;1645;1465;144;3404
Austria;2006;1434;1651;131;3416
Austria;2007;1327;1800;188;3527
Austria;2008;1961;1879;146;4247
Austria;2009;1710;1392;165;3532
Austria;2010;1685;1589;156;3692
Austria;2011;1544;1505;281;3448
Austria;2012;1634;1545;268;3557
Austria;2013;1493;1227;252;3097
Austria;2014;1641;1376;256;3373
Austria;2015;2131;1317;217;3778
Austria;2016;2007;1281;947;4361
Austria;2017;1992;1297;1193;4625
Austria;2018;2269;1277;1575;5280
Austria;2019;2068;1151;1618;4954
Austria;2020;1931;1153;2371;5566
Austria;2021;2005;1154;2513;5791
Austria;2022;2427;1237;2266;6069
Austria;2023;1719;1163;2255;5251
Belarus;1992;586;1320;34;2097
Belarus;1993;586;1320;34;2097
Belarus;1994;586;1320;34;2097
Belarus;1995;586;1320;34;2097
Belarus;1996;586;1320;34;2097
Belarus;1997;586;1320;34;2097
Belarus;1998;526;1185;30;1882
Belarus;1999;510;1148;29;1823
Belarus;2000;508;1144;29;1817
Belarus;2001;549;1236;32;1963
Belarus;2002;448;1009;26;1604
Belarus;2003;537;1209;31;1920
Belarus;2004;656;1478;38;2348
Belarus;2005;1019;2296;59;3647
Belarus;2006;1087;2449;63;3891
Belarus;2007;1184;2666;68;4235
Belarus;2008;1085;2443;63;3880
Belarus;2009;1083;2439;62;3875
Belarus;2010;947;2132;55;3387
Belarus;2011;871;1929;50;3079
Belarus;2012;691;1506;42;2423
Belarus;2013;657;1358;43;2229
Belarus;2014;588;1107;41;1892
Belarus;2015;444;866;32;1464
Belarus;2016;309;662;23;1078
Belarus;2017;186;468;16;721
Belarus;2018;212;550;20;840
Belarus;2019;1031;2732;113;4171
Belarus;2020;1181;2949;126;4589
Belarus;2021;1206;2452;144;4117
Belarus;2022;1242;2511;146;4231
Belarus;2023;1308;2988;169;4853
Belgium;2000;3056;5188;926;9560
Belgium;2001;2302;4908;893;8529
Belgium;2002;2610;5022;806;9204
Belgium;2003;2351;4865;839;8822
Belgium;2004;2417;5066;848;9186
Belgium;2005;2444;5556;930;9776
Belgium;2006;2670;4358;652;8244
Belgium;2007;2897;3159;374;6712
Belgium;2008;3109;2662;460;6516
Belgium;2009;2687;2097;454;5496
Belgium;2010;1813;1921;606;4645
Belgium;2011;2408;2505;1129;6297
Belgium;2012;2539;2556;1034;6484
Belgium;2013;2453;2448;1016;6335
Belgium;2014;3173;2525;1085;7180
Belgium;2015;2643;2391;1045;6487
Belgium;2016;2909;2258;929;6571
Belgium;2017;2531;2352;863;6268
Belgium;2018;2488;2646;778;6363
Belgium;2019;2470;2330;617;5950
Belgium;2020;2227;1944;746;5677
Belgium;2021;1999;2456;769;5866
Belgium;2022;1686;2277;689;5190
Belgium;2023;1502;2195;564;4801
Bulgaria;1990;905;2492;486;3906
Bulgaria;1991;905;2492;486;3906
Bulgaria;1992;905;2492;486;3906
Bulgaria;1993;883;2406;466;3777
Bulgaria;1994;862;2320;446;3649
Bulgaria;1995;840;2234;426;3520
Bulgaria;1996;819;2148;405;3391
Bulgaria;1997;797;2063;385;3262
Bulgaria;1998;776;1977;365;3134
Bulgaria;1999;754;1891;345;3005
Bulgaria;2000;733;1805;325;2876
Bulgaria;2001;711;1719;305;2747
Bulgaria;2002;690;1633;285;2619
Bulgaria;2003;668;1547;264;2490
Bulgaria;2004;646;1461;244;2361
Bulgaria;2005;625;1375;224;2232
Bulgaria;2006;603;1289;204;2104
Bulgaria;2007;582;1204;184;1975
Bulgaria;2008;560;1118;164;1846
Bulgaria;2009;539;1032;143;1717
Bulgaria;2010;517;946;123;1589
Bulgaria;2011;496;860;103;1460
Bulgaria;2012;474;774;83;1331
Bulgaria;2013;380;706;110;1196
Bulgaria;2014;186;652;163;1002
Bulgaria;2015;619;636;286;1542
Bulgaria;2016;1049;2007;703;3759
Bulgaria;2017;1287;1699;374;3383
Bulgaria;2018;1798;2607;622;5044
Bulgaria;2019;1579;4340;727;6660
Bulgaria;2020;1698;1988;503;4226
Bulgaria;2021;1634;2451;342;4482
Bulgaria;2022;1541;2513;312;4385
Bulgaria;2023;1224;1955;216;3430
Croatia;1992;460;1304;461;2304
Croatia;1993;687;1548;375;2675
Croatia;1994;915;1793;290;3047
Croatia;1995;1142;2037;204;3418
Croatia;1996;1412;1528;148;3148
Croatia;1997;1315;1509;150;3042
Croatia;1998;1218;1489;153;2935
Croatia;1999;1121;1470;155;2829
Croatia;2000;1024;1450;158;2723
Croatia;2001;926;1431;160;2616
Croatia;2002;829;1411;162;2510
Croatia;2003;732;1392;165;2403
Croatia;2004;635;1372;167;2297
Croatia;2005;670;1269;114;2184
Croatia;2006;665;1322;88;2214
Croatia;2007;705;1150;81;2079
Croatia;2008;944;1187;96;2453
Croatia;2009;829;967;77;2135
Croatia;2010;578;851;58;1605
Croatia;2011;694;823;63;1682
Croatia;2012;811;796;69;1759
Croatia;2013;945;829;144;2006
Croatia;2014;1005;889;153;2119
Croatia;2015;1315;821;149;2311
Croatia;2016;932;743;144;1861
Croatia;2017;727;669;122;1577
Croatia;2018;767;718;132;1698
Croatia;2019;656;700;128;1564
Croatia;2020;701;730;129;1655
Croatia;2021;583;713;83;1470
Croatia;2022;604;718;102;1508
Croatia;2023;605;526;69;1224
Denmark;1990;1396;3128;259;5650
Denmark;1991;1426;2867;146;4628
Denmark;1992;1333;2824;128;4566
Denmark;1993;1033;2632;107;4103
Denmark;1994;892;2685;95;3922
Denmark;1995;1257;3222;230;5043
Denmark;1996;631;2915;36;3672
Denmark;1997;794;2726;51;3679
Denmark;1998;770;2619;55;3623
Denmark;1999;715;1882;46;2867
Denmark;2000;893;1933;68;3174
Denmark;2001;566;2313;77;3311
Denmark;2002;574;2105;43;2868
Denmark;2003;547;2205;46;2954
Denmark;2004;604;2087;22;2899
Denmark;2005;693;2308;36;3246
Denmark;2006;536;2479;57;3212
Denmark;2007;569;2583;28;3336
Denmark;2008;869;2927;38;4145
Denmark;2009;504;2012;40;2836
Denmark;2010;494;3172;33;3894
Denmark;2011;633;3692;49;4549
Denmark;2012;891;4564;95;5959
Denmark;2013;884;2936;86;4197
Denmark;2014;417;1239;51;1822
Denmark;2015;504;1903;52;2584
Denmark;2016;407;1914;70;2587
Denmark;2017;484;1954;58;2706
Denmark;2018;438;2012;54;2646
Denmark;2019;436;2026;60;2661
Denmark;2020;503;2454;39;3167
Denmark;2021;499;2254;60;2975
Denmark;2022;526;2404;70;3257
Denmark;2023;547;2566;40;3314
Estonia;1992;82;320;18;469
Estonia;1993;30;120;4;170
Estonia;1994;29;131;2;176
Estonia;1995;34;109;2;154
Estonia;1996;40;85;1;133
Estonia;1997;18;172;2;200
Estonia;1998;17;167;2;195
Estonia;1999;11;167;3;187
Estonia;2000;20;285;3;315
Estonia;2001;19;298;3;329
Estonia;2002;28;277;6;331
Estonia;2003;25;270;5;323
Estonia;2004;35;285;2;351
Estonia;2005;39;321;7;386
Estonia;2006;53;350;9;452
Estonia;2007;39;360;18;460
Estonia;2008;49;414;22;551
Estonia;2009;39;327;16;402
Estonia;2010;50;423;20;514
Estonia;2011;49;357;21;459
Estonia;2012;59;437;24;553
Estonia;2013;64;434;22;568
Estonia;2014;86;426;28;596
Estonia;2015;109;472;13;595
Estonia;2016;104;604;1;714
Estonia;2017;117;463;26;700
Estonia;2018;107;428;29;636
Estonia;2019;105;531;33;745
Estonia;2020;134;511;16;767
Estonia;2021;150;607;8;886
Estonia;2022;150;507;8;777
Estonia;2023;118;516;8;709
Finland;1990;2417;1580;98;4255
Finland;1991;2165;1413;68;3757
Finland;1992;2876;1038;86;4054
Finland;1993;3113;841;118;4103
Finland;1994;2921;915;71;3971
Finland;1995;1423;815;51;2368
Finland;1996;1690;674;48;2485
Finland;1997;2283;734;40;3128
Finland;1998;3099;844;40;4054
Finland;1999;3262;789;61;4181
Finland;2000;2639;863;44;3608
Finland;2001;2847;1120;28;4077
Finland;2002;3336;1278;53;4731
Finland;2003;3291;1339;38;4736
Finland;2004;3514;1174;25;4766
Finland;2005;3781;1077;31;4956
Finland;2006;3869;1274;28;5254
Finland;2007;2772;1191;28;4065
Finland;2008;2342;1357;28;3806
Finland;2009;3336;1355;26;4805
Finland;2010;2209;1515;23;3807
Finland;2011;1474;1452;32;3019
Finland;2012;1789;1224;31;3146
Finland;2013;2008;1133;26;3275
Finland;2014;2081;1306;13;3506
Finland;2015;2493;1377;19;4010
Finland;2016;3212;1264;20;4592
Finland;2017;3228;1006;26;4366
Finland;2018;3814;982;22;4902
Finland;2019;2832;1107;24;4034
Finland;2020;3698;1155;13;4917
Finland;2021;2938;1084;16;4100
Finland;2022;1987;1251;19;3327
Finland;2023;2237;954;13;3251
France;1990;41514;37429;11039;97701
France;1991;55565;33713;10673;103434
France;1992;44786;27821;6110;85249
France;1993;54254;25982;5408;91953
France;1994;49399;29923;4558;89515
France;1995;42579;27419;8848;84011
France;1996;48624;36052;7603;97890
France;1997;64050;33576;6074;109792
France;1998;58807;36439;4672;107753
France;1999;61345;40430;3250;114695
France;2000;52834;30845;3103;97878
France;2001;54130;32122;2488;99694
France;2002;43351;28779;2308;82448
France;2003;39317;24508;2224;74531
France;2004;37175;26102;2460;76099
France;2005;35921;29209;2506;78265
France;2006;35957;23068;2140;71612
France;2007;36919;26808;2101;77255
France;2008;39163;27248;1254;78577
France;2009;32520;22565;1121;63676
France;2010;29828;22632;1033;61903
France;2011;24496;29252;4171;61262
France;2012;27581;27801;5458;63910
France;2013;30376;27883;5710;66757
France;2014;34442;31035;6195;74874
France;2015;27374;30596;5165;66629
France;2016;31971;30156;6280;72076
France;2017;29786;30253;6265;70459
France;2018;39065;34354;6358;83983
France;2019;24484;22484;4801;54304
France;2020;26031;29154;6479;64789
France;2021;29221;30281;6960;70100
France;2022;27939;29900;6665;67872
France;2023;26115;29906;6237;65415
Germany;1990;10945;15941;1838;31289
Germany;1991;9765;17790;1477;32006
Germany;1992;9373;15394;1098;29542
Germany;1993;7660;12696;1790;25170
Germany;1994;7698;14834;1439;26330
Germany;1995;9652;16065;1518;30090
Germany;1996;10404;16541;1296;31683
Germany;1997;9397;16485;1311;30414
Germany;1998;10530;17269;1631;33377
Germany;1999;9701;15825;1501;30019
Germany;2000;9641;16611;1415;35273
Germany;2001;8246;14942;1341;33423
Germany;2002;10129;14328;1437;34432
Germany;2003;10033;15350;1083;35539
Germany;2004;8175;15923;1255;34930
Germany;2005;10183;15610;1015;36386
Germany;2006;10209;17063;852;38540
Germany;2007;10925;17164;1499;40741
Germany;2008;11505;18626;1298;43413
Germany;2009;10922;15159;1507;39289
Germany;2010;10431;16675;1363;40832
Germany;2011;10473;17955;12123;43856
Germany;2012;9062;19907;13193;45522
Germany;2013;10507;17670;12353;43525
Germany;2014;12920;17877;12895;46078
Germany;2015;12817;16063;15145;47851
Germany;2016;12141;15038;15702;46889
Germany;2017;13266;16752;14732;48307
Germany;2018;11682;14570;16392;44961
Germany;2019;10217;13946;18758;45181
Germany;2020;9505;14589;21348;47974
Germany;2021;9693;16089;20744;48712
Germany;2022;11521;16812;17254;48169
Germany;2023;9341;13138;16113;40494
Greece;1990;2530;2080;2150;7420
Greece;1991;2530;2080;2150;7420
Greece;1992;2670;2130;2290;7869
Greece;1993;3474;2305;2362;8826
Greece;1994;1423;2252;2239;6341
Greece;1995;2554;1883;1696;6663
Greece;1996;2591;1960;2120;7296
Greece;1997;3047;2123;3083;9223
Greece;1998;4731;2303;2505;10702
Greece;1999;3707;2318;2835;9635
Greece;2000;4676;2331;2864;10627
Greece;2001;4860;2650;2638;10725
Greece;2002;4458;3398;3056;12754
Greece;2003;4364;2871;2663;12356
Greece;2004;5017;2675;2627;13145
Greece;2005;4975;2997;3108;13959
Greece;2006;1729;1583;1993;7505
Greece;2007;1603;1133;2239;7346
Greece;2008;1509;1045;1637;5131
Greece;2009;1229;554;1016;3404
Greece;2010;1507;930;1579;5608
Greece;2011;1700;1449;1103;5980
Greece;2012;2095;2139;918;6081
Greece;2013;5514;2572;2260;10564
Greece;2014;1868;1195;586;3908
Greece;2015;1929;1315;689;4180
Greece;2016;1804;1744;923;4707
Greece;2017;1686;1674;894;4523
Greece;2018;1729;1833;1011;4860
Greece;2019;1756;1830;967;4867
Greece;2020;1802;1910;863;4901
Greece;2021;1651;1878;806;4712
Greece;2022;1332;1483;751;3988
Greece;2023;1414;1624;757;4217
Hungary;1990;5869;5489;1127;12756
Hungary;1991;2599;4538;789;8069
Hungary;1992;2093;3046;534;5777
Hungary;1993;2556;5613;1472;10197
Hungary;1994;2844;4631;1280;9574
Hungary;1995;2078;3727;1004;7715
Hungary;1996;1991;3252;1041;6946
Hungary;1997;1523;2237;582;4445
Hungary;1998;1862;2857;413;5280
Hungary;1999;1572;2462;398;4598
Hungary;2000;1492;2161;388;4151
Hungary;2001;1825;3149;324;5458
Hungary;2002;2264;3599;1307;8232
Hungary;2003;2407;4076;1439;8726
Hungary;2004;2819;4340;1640;9941
Hungary;2005;2612;4138;1524;9676
Hungary;2006;2845;4916;2012;11523
Hungary;2007;2602;4592;2505;11178
Hungary;2008;3008;4796;2540;12084
Hungary;2009;2481;4528;2190;11144
Hungary;2010;2286;4479;1965;10300
Hungary;2011;2923;3668;524;8506
Hungary;2012;3123;3824;698;8058
Hungary;2013;3181;3562;664;7767
Hungary;2014;3612;4011;1058;8999
Hungary;2015;3782;4270;980;9489
Hungary;2016;3835;4580;847;9764
Hungary;2017;4171;4270;877;9754
Hungary;2018;3535;3824;788;8535
Hungary;2019;2796;3906;719;7815
Hungary;2020;3372;4265;585;8679
Hungary;2021;3510;4358;586;8879
Hungary;2022;2890;4618;573;8578
Hungary;2023;2308;3273;509;6443
Ireland;1990;706;1082;110;2014
Ireland;1991;706;1082;110;2014
Ireland;1992;706;1082;110;2014
Ireland;1993;706;1082;110;2014
Ireland;1994;706;1082;110;2014
Ireland;1995;570;1362;106;2152
Ireland;1996;570;879;45;1577
Ireland;1997;749;1261;64;2201
Ireland;1998;593;1413;86;2257
Ireland;1999;415;1314;72;1930
Ireland;2000;460;1289;60;1942
Ireland;2001;467;1641;71;2334
Ireland;2002;501;1820;47;2614
Ireland;2003;670;1854;42;2719
Ireland;2004;735;2006;39;2978
Ireland;2005;571;1830;50;2625
Ireland;2006;551;2032;43;2767
Ireland;2007;601;2276;43;3083
Ireland;2008;647;1888;44;2790
Ireland;2009;537;1628;24;2268
Ireland;2010;588;1663;24;2529
Ireland;2011;620;2812;71;3692
Ireland;2012;650;1808;78;2783
Ireland;2013;594;2005;66;2913
Ireland;2014;636;2392;77;3353
Ireland;2015;688;2482;78;3504
Ireland;2016;597;2243;47;3113
Ireland;2017;633;1916;76;2942
Ireland;2018;602;1833;39;2651
Ireland;2019;922;1845;40;2972
Ireland;2020;440;2262;22;2910
Ireland;2021;422;2346;22;3091
Ireland;2022;477;1863;42;2720
Ireland;2023;403;1716;36;2274
Italy;1990;66856;9602;12074;100596
Italy;1991;56434;9346;12279;88917
Italy;1992;59605;8087;10336;88228
Italy;1993;59749;8808;12344;89282
Italy;1994;52511;8970;11739;81218
Italy;1995;53014;9779;12233;84153
Italy;1996;43465;10393;11932;74617
Italy;1997;52638;10536;13493;84799
Italy;1998;53605;10599;12246;84117
Italy;1999;52863;9616;10872;81583
Italy;2000;52377;9432;9173;79447
Italy;2001;48523;9982;9324;75978
Italy;2002;63175;11740;11151;94211
Italy;2003;54362;11462;11548;86058
Italy;2004;52896;8936;13613;83810
Italy;2005;53805;9191;13552;84647
Italy;2006;45309;8721;13153;74349
Italy;2007;49981;9180;14439;80454
Italy;2008;51041;8435;14459;79643
Italy;2009;46810;7637;11995;74172
Italy;2010;42888;9934;11971;71613
Italy;2011;43574;8327;12749;70326
Italy;2012;37358;8056;11414;61650
Italy;2013;33303;7751;9379;55455
Italy;2014;37226;7799;9955;59235
Italy;2015;39187;7950;11395;63085
Italy;2016;36852;7486;11324;59964
Italy;2017;32687;7114;12543;56451
Italy;2018;31539;6880;10868;54039
Italy;2019;24286;8524;10821;48405
Italy;2020;31644;9750;13841;56373
Italy;2021;31114;5489;12263;50177
Italy;2022;29183;4614;9817;44424
Italy;2023;24342;5198;9206;39571
Latvia;1992;180;690;14;1005
Latvia;1993;89;345;7;476
Latvia;1994;56;223;3;294
Latvia;1995;77;261;3;358
Latvia;1996;102;230;4;361
Latvia;1997;84;220;2;334
Latvia;1998;68;265;3;369
Latvia;1999;63;221;11;327
Latvia;2000;57;177;19;285
Latvia;2001;58;255;19;367
Latvia;2002;66;236;15;335
Latvia;2003;79;316;12;478
Latvia;2004;88;414;18;594
Latvia;2005;113;487;15;724
Latvia;2006;110;509;14;744
Latvia;2007;162;776;30;1113
Latvia;2008;157;679;35;1033
Latvia;2009;143;555;36;881
Latvia;2010;154;669;38;1028
Latvia;2011;149;724;34;1077
Latvia;2012;201;796;46;1288
Latvia;2013;211;728;47;1250
Latvia;2014;224;848;70;1423
Latvia;2015;264;861;24;1510
Latvia;2016;262;987;34;1725
Latvia;2017;267;801;36;1478
Latvia;2018;213;965;41;1587
Latvia;2019;295;972;44;1651
Latvia;2020;304;1167;49;1900
Latvia;2021;299;1188;31;1984
Latvia;2022;273;1087;29;1823
Latvia;2023;206;1087;35;1666
Lithuania;1992;272;906;52;1380
Lithuania;1993;200;672;11;936
Lithuania;1994;132;555;7;713
Lithuania;1995;141;573;5;737
Lithuania;1996;223;729;3;979
Lithuania;1997;194;703;3;928
Lithuania;1998;179;594;4;812
Lithuania;1999;110;551;3;695
Lithuania;2000;163;482;7;688
Lithuania;2001;135;533;7;726
Lithuania;2002;133;577;6;793
Lithuania;2003;130;580;7;847
Lithuania;2004;155;726;6;1024
Lithuania;2005;175;733;7;1049
Lithuania;2006;201;859;7;1197
Lithuania;2007;383;1996;35;2723
Lithuania;2008;403;1879;26;2723
Lithuania;2009;423;1768;24;2749
Lithuania;2010;209;1275;15;1804
Lithuania;2011;362;1773;26;2703
Lithuania;2012;485;1715;45;2712
Lithuania;2013;534;1422;44;2662
Lithuania;2014;601;1394;47;2704
Lithuania;2015;737;1372;33;2789
Lithuania;2016;741;1433;45;3385
Lithuania;2017;690;1252;54;3056
Lithuania;2018;677;1054;57;2082
Lithuania;2019;575;1199;76;2352
Lithuania;2020;593;1487;86;2587
Lithuania;2021;669;1317;31;2613
Lithuania;2022;748;1951;33;3614
Lithuania;2023;558;1629;40;3013
Montenegro;2006;0;0;0;1
Montenegro;2007;0;0;0;1
Montenegro;2008;0;0;0;1
Montenegro;2009;0;0;0;1
Montenegro;2010;52;6;8;66
Montenegro;2011;56;10;9;75
Montenegro;2012;50;13;8;71
Montenegro;2013;65;11;6;82
Montenegro;2014;72;9;9;90
Montenegro;2015;59;9;8;76
Montenegro;2016;75;11;4;90
Montenegro;2017;67;21;11;99
Montenegro;2018;61;19;12;92
Montenegro;2019;64;19;19;102
Montenegro;2020;72;22;24;119
Montenegro;2021;68;25;18;111
Montenegro;2022;60;16;18;94
Montenegro;2023;62;12;12;86
Netherlands;1990;4140;3468;731;9729
Netherlands;1991;4281;3162;594;9338
Netherlands;1992;4192;2987;557;9030
Netherlands;1993;4615;3441;553;10505
Netherlands;1994;3883;2690;439;8646
Netherlands;1995;4490;3982;553;10213
Netherlands;1996;3925;3013;495;8923
Netherlands;1997;4102;3929;544;8812
Netherlands;1998;5807;4045;463;10579
Netherlands;1999;5199;3866;413;9682
Netherlands;2000;4925;3500;1714;11383
Netherlands;2001;3951;3093;1284;9425
Netherlands;2002;3777;3315;1466;9700
Netherlands;2003;3470;3362;1511;9550
Netherlands;2004;4438;3592;1440;10655
Netherlands;2005;4449;3496;1663;10704
Netherlands;2006;4189;3280;1699;10461
Netherlands;2007;5060;3559;1906;12073
Netherlands;2008;4454;3162;1858;10777
Netherlands;2009;3794;2667;1715;9857
Netherlands;2010;3613;2642;1635;9586
Netherlands;2011;4246;3011;3443;10914
Netherlands;2012;4657;3029;3316;11312
Netherlands;2013;4321;2751;3254;10686
Netherlands;2014;4896;3247;2012;10619
Netherlands;2015;4410;2865;2245;9958
Netherlands;2016;4867;2733;2689;10765
Netherlands;2017;4721;2883;2541;10550
Netherlands;2018;4290;2961;1681;9366
Netherlands;2019;3882;2721;2054;9199
Netherlands;2020;3998;2622;2576;9867
Netherlands;2021;3296;2588;2750;9347
Netherlands;2022;2786;2708;2367;8732
Netherlands;2023;2298;2414;1731;7263
Norway;1990;153;965;19;1183
Norway;1991;133;564;18;760
Norway;1992;134;561;28;768
Norway;1993;164;510;17;749
Norway;1994;145;626;19;848
Norway;1995;167;687;21;913
Norway;1996;140;503;16;698
Norway;1997;176;503;20;735
Norway;1998;241;546;23;934
Norway;1999;220;456;22;802
Norway;2000;54;282;10;348
Norway;2001;120;377;8;513
Norway;2002;150;631;10;799
Norway;2003;167;460;14;669
Norway;2004;227;502;10;827
Norway;2005;67;421;7;519
Norway;2006;104;549;8;696
Norway;2007;103;572;10;722
Norway;2008;118;625;9;801
Norway;2009;76;416;7;535
Norway;2010;88;574;6;699
Norway;2011;100;679;6;824
Norway;2012;120;628;7;814
Norway;2013;104;615;7;762
Norway;2014;123;692;7;861
Norway;2015;94;468;6;631
Norway;2016;111;524;7;676
Norway;2017;115;496;7;671
Norway;2018;85;485;13;614
Norway;2019;79;479;10;604
Norway;2020;97;522;17;688
Norway;2021;112;525;16;710
Norway;2022;111;577;18;762
Norway;2023;81;503;16;629
Poland;1990;1566;2948;334;5422
Poland;1991;1566;2948;334;5422
Poland;1992;2548;4189;363;7363
Poland;1993;2750;5205;560;8825
Poland;1994;2965;5415;500;9330
Poland;1995;2271;3940;445;7136
Poland;1996;2986;5534;434;9824
Poland;1997;3058;5167;581;9501
Poland;1998;2909;4401;648;8699
Poland;1999;2583;4546;406;8466
Poland;2000;2504;4795;571;8848
Poland;2001;2815;4748;549;8855
Poland;2002;3710;4926;463;10358
Poland;2003;1939;3772;560;7184
Poland;2004;3080;3740;494;8726
Poland;2005;4915;8410;500;16039
Poland;2006;5125;9356;498;17101
Poland;2007;5201;10921;981;18721
Poland;2008;6060;10940;1077;20611
Poland;2009;5896;9520;952;18493
Poland;2010;5755;10489;906;19449
Poland;2011;6081;12408;991;21763
Poland;2012;6131;12654;1293;21874
Poland;2013;6474;12518;1314;22192
Poland;2014;7442;12073;1728;23551
Poland;2015;7742;12190;1666;23996
Poland;2016;7534;12693;1759;24453
Poland;2017;6927;13655;1826;25074
Poland;2018;7992;11371;1770;23157
Poland;2019;6867;11705;2748;24253
Poland;2020;9278;12809;648;24616
Poland;2021;10051;14349;648;26949
Poland;2022;7080;12239;622;22300
Poland;2023;5881;11367;717;19963
Portugal;1990;6510;1804;680;9357
Portugal;1991;6510;1804;680;9357
Portugal;1992;3923;1196;630;6117
Portugal;1993;6707;1307;383;8985
Portugal;1994;7133;1571;347;9580
Portugal;1995;9077;1659;396;11815
Portugal;1996;9747;1584;366;12457
Portugal;1997;9397;1769;444;12750
Portugal;1998;10473;1913;449;14389
Portugal;1999;11274;1955;462;15411
Portugal;2000;10854;1827;476;15470
Portugal;2001;11562;2235;415;15503
Portugal;2002;13320;2125;443;17452
Portugal;2003;12954;2382;505;17030
Portugal;2004;12459;2105;409;16942
Portugal;2005;12366;1751;425;16353
Portugal;2006;11382;2031;493;15702
Portugal;2007;11519;2120;641;16682
Portugal;2008;12856;1693;380;17080
Portugal;2009;9399;1700;396;13985
Portugal;2010;9475;2042;389;13774
Portugal;2011;9979;1996;886;14024
Portugal;2012;8493;1769;2161;12442
Portugal;2013;7197;1611;1306;10123
Portugal;2014;8238;2411;2198;12888
Portugal;2015;5180;2122;777;10003
Portugal;2016;5474;1905;2094;9772
Portugal;2017;4181;1899;2016;8103
Portugal;2018;4335;1939;685;8057
Portugal;2019;5767;2222;1869;9866
Portugal;2020;6402;2402;891;9706
Portugal;2021;6260;2352;964;9583
Portugal;2022;5978;1906;1144;9040
Portugal;2023;4812;1862;1173;7857
Romania;1990;11891;7567;5797;25255
Romania;1991;11857;4120;3921;19898
Romania;1992;8447;4173;2514;15134
Romania;1993;9357;9817;5078;24252
Romania;1994;8967;8909;3935;21811
Romania;1995;8342;8147;3624;20113
Romania;1996;7301;6930;3194;17425
Romania;1997;6683;5850;2816;15349
Romania;1998;6472;5444;2063;13979
Romania;1999;5340;4494;1446;11280
Romania;2000;4318;3870;1239;9427
Romania;2001;2802;3960;1110;7871
Romania;2002;2279;4539;1058;7876
Romania;2003;2238;3659;1032;6928
Romania;2004;2131;3771;876;6778
Romania;2005;2641;3789;1136;7566
Romania;2006;1844;4033;856;6733
Romania;2007;1684;3767;863;6314
Romania;2008;2441;3905;848;7194
Romania;2009;2076;3426;1046;6549
Romania;2010;2233;3689;1328;7249
Romania;2011;3455;6771;864;11426
Romania;2012;3495;6614;899;11523
Romania;2013;3591;6034;697;10586
Romania;2014;4113;5025;609;10021
Romania;2015;4112;6353;728;11484
Romania;2016;4526;5066;775;10813
Romania;2017;4600;5486;1024;11548
Romania;2018;4542;5188;1060;11108
Romania;2019;4021;4013;924;9047
Romania;2020;3878;4126;564;8700
Romania;2021;3808;3851;616;8369
Romania;2022;3117;4099;610;7957
Romania;2023;3239;5126;648;9157
Slovenia;1992;809;345;152;1309
Slovenia;1993;654;315;140;1112
Slovenia;1994;556;267;118;944
Slovenia;1995;612;250;122;987
Slovenia;1996;582;254;114;953
Slovenia;1997;893;263;86;1245
Slovenia;1998;741;277;71;1091
Slovenia;1999;782;259;90;1135
Slovenia;2000;842;405;99;1468
Slovenia;2001;921;362;81;1387
Slovenia;2002;825;202;101;1164
Slovenia;2003;843;332;119;1361
Slovenia;2004;1142;291;100;1558
Slovenia;2005;968;290;97;1384
Slovenia;2006;817;322;110;1281
Slovenia;2007;689;334;106;1155
Slovenia;2008;847;296;42;1218
Slovenia;2009;795;276;69;1163
Slovenia;2010;789;254;62;1134
Slovenia;2011;797;264;42;1122
Slovenia;2012;700;257;47;1016
Slovenia;2013;647;223;30;917
Slovenia;2014;724;239;37;1009
Slovenia;2015;759;224;43;1047
Slovenia;2016;860;247;43;1156
Slovenia;2017;795;235;52;1087
Slovenia;2018;849;257;58;1171
Slovenia;2019;752;172;40;973
Slovenia;2020;731;181;41;964
Slovenia;2021;669;170;52;907
Slovenia;2022;628;146;41;826
Slovenia;2023;526;119;40;695
Spain;1990;12312;13395;9194;39562
Spain;1991;11582;13747;9178;39147
Spain;1992;10248;12003;6742;31839
Spain;1993;9344;10579;5857;29408
Spain;1994;10355;7298;10646;31244
Spain;1995;9021;6326;9538;27852
Spain;1996;10165;8652;9758;33236
Spain;1997;11299;9153;9944;34023
Spain;1998;11984;9413;10173;35070
Spain;1999;10978;9066;9985;33614
Spain;2000;10528;9942;10470;34597
Spain;2001;7854;12138;11781;35700
Spain;2002;14467;10169;11630;40727
Spain;2003;14562;10528;11645;41586
Spain;2004;19572;12434;12452;47445
Spain;2005;14068;10216;14144;41017
Spain;2006;12957;10577;13438;39767
Spain;2007;12628;10973;12740;39286
Spain;2008;14068;10388;13294;40719
Spain;2009;11137;8781;12624;35199
Spain;2010;11878;10060;14335;39043
Spain;2011;31330;13835;8045;73112
Spain;2012;26777;13985;7638;63491
Spain;2013;32380;14713;6816;71448
Spain;2014;38297;14908;7575;78818
Spain;2015;36321;15587;6769;77217
Spain;2016;38905;15224;7609;76941
Spain;2017;37982;16077;16280;71987
Spain;2018;38067;16593;16862;73121
Spain;2019;34073;17023;7725;75190
Spain;2020;37916;20199;15891;75775
Spain;2021;41556;18388;9882;76174
Spain;2022;32094;12186;11034;56353
Spain;2023;23562;15131;9978;52907
Sweden;1990;590;1609;63;2310
Sweden;1991;708;1043;48;1841
Sweden;1992;468;945;53;1497
Sweden;1993;301;1097;30;1466
Sweden;1994;358;1507;53;1962
Sweden;1995;187;975;32;1225
Sweden;1996;240;1237;26;1529
Sweden;1997;187;1332;15;1534
Sweden;1998;226;1302;27;1555
Sweden;1999;260;1285;57;1602
Sweden;2000;285;1372;29;1721
Sweden;2001;289;1435;27;1789
Sweden;2002;235;1869;46;2198
Sweden;2003;260;2225;41;2549
Sweden;2004;295;1012;28;1353
Sweden;2005;286;1790;36;2132
Sweden;2006;260;1880;62;2220
Sweden;2007;266;1809;54;2157
Sweden;2008;344;1934;36;2352
Sweden;2009;265;1594;44;1935
Sweden;2010;241;1687;34;1982
Sweden;2011;218;2136;30;2416
Sweden;2012;235;2087;33;2381
Sweden;2013;332;1773;29;2178
Sweden;2014;302;2104;41;2493
Sweden;2015;398;1829;44;2321
Sweden;2016;249;1633;28;1956
Sweden;2017;265;1731;31;2061
Sweden;2018;223;1483;94;1871
Sweden;2019;164;1544;45;1801
Sweden;2020;222;1708;33;2047
Sweden;2021;247;1765;37;2138
Sweden;2022;255;1925;29;2338
Sweden;2023;212;1694;38;2033
Switzerland;1990;988;823;223;2282
Switzerland;1991;912;782;123;2056
Switzerland;1992;953;749;127;2019
Switzerland;1993;982;675;123;1935
Switzerland;1994;974;669;111;1923
Switzerland;1995;949;657;95;1826
Switzerland;1996;890;625;111;1746
Switzerland;1997;840;598;98;1644
Switzerland;1998;764;599;95;1564
Switzerland;1999;708;613;95;1527
Switzerland;2000;720;653;97;1577
Switzerland;2001;706;656;95;1562
Switzerland;2002;732;651;90;1527
Switzerland;2003;692;631;89;1477
Switzerland;2004;626;627;76;1391
Switzerland;2005;622;628;78;1388
Switzerland;2006;638;595;84;1359
Switzerland;2007;882;919;80;2099
Switzerland;2008;955;873;263;2237
Switzerland;2009;957;758;313;2224
Switzerland;2010;884;834;252;2148
Switzerland;2011;933;919;309;2274
Switzerland;2012;968;829;323;2221
Switzerland;2013;1013;783;346;2277
Switzerland;2014;1037;733;349;2233
Switzerland;2015;1034;693;271;2207
Switzerland;2016;996;621;315;2140
Switzerland;2017;979;595;282;2007
Switzerland;2018;979;629;261;2020
Switzerland;2019;954;509;318;1921
Switzerland;2020;980;499;290;1885
Switzerland;2021;1165;481;441;2220
Switzerland;2022;1013;518;505;2166
Switzerland;2023;716;429;248;1531
Turkey;1990;3602;6258;17652;29918
Turkey;1991;3990;7033;10414;24343
Turkey;1992;4025;7406;13125;27110
Turkey;1993;4171;9000;12266;28042
Turkey;1994;4733;6342;10871;24219
Turkey;1995;4937;4842;14639;27328
Turkey;1996;6765;5955;15138;30286
Turkey;1997;9034;7810;15161;34431
Turkey;1998;7549;5075;14325;30162
Turkey;1999;7159;8851;13505;33089
Turkey;2000;7777;6960;13910;33471
Turkey;2001;4046;5964;13169;25539
Turkey;2002;8534;6295;13086;27915
Turkey;2003;11296;9866;11913;33075
Turkey;2004;6356;8707;13768;28831
Turkey;2005;12584;11716;16032;40332
Turkey;2006;10721;8170;8530;27421
Turkey;2007;16707;6669;22012;48716
Turkey;2008;17863;6177;9988;37640
Turkey;2009;17863;5961;11447;37651
Turkey;2010;17396;7452;8216;38555
Turkey;2011;17546;7407;7182;39534
Turkey;2012;18124;7351;8123;42611
Turkey;2013;16248;7336;8599;39440
Turkey;2014;16674;7794;9099;39723
Turkey;2015;15984;7825;9693;39026
Turkey;2016;18326;3519;10728;49961
Turkey;2017;21831;11825;15172;53875
Turkey;2018;22933;14928;16722;59922
Turkey;2019;19333;7159;13530;51190
Turkey;2020;20508;13250;16936;53490
Turkey;2021;19413;13274;16462;52876
Turkey;2022;19626;14525;17094;55218
Turkey;2023;19551;15509;18619;57576
Ukraine;1992;16601;35926;14245;66772
Ukraine;1993;15243;33467;13134;61843
Ukraine;1994;13884;31008;12023;56915
Ukraine;1995;12526;28549;10912;51986
Ukraine;1996;11168;26090;9801;47058
Ukraine;1997;9809;23631;8689;42129
Ukraine;1998;8451;21172;7578;37201
Ukraine;1999;7092;18713;6467;32272
Ukraine;2000;5734;16254;5356;27344
Ukraine;2001;4376;13795;4245;22415
Ukraine;2002;3017;11335;3134;17487
Ukraine;2003;1659;8876;2023;12558
Ukraine;2004;2316;10491;2537;15344
Ukraine;2005;4122;14843;3332;23022
Ukraine;2006;4532;18818;4508;28775
Ukraine;2007;5777;22797;5676;35540
Ukraine;2008;8112;35254;8522;53228
Ukraine;2009;6528;21648;5903;35707
Ukraine;2010;10003;40978;8906;61892
Ukraine;2011;13801;50678;11150;78674
Ukraine;2012;11754;62187;12406;90050
Ukraine;2013;13316;52493;14703;85989
Ukraine;2014;10578;49953;12852;77294
Ukraine;2015;9134;41952;10090;64306
Ukraine;2016;7690;33952;7329;51319
Ukraine;2017;6246;25951;4567;38331
Ukraine;2018;4802;17951;1806;25343
Ukraine;2019;4925;16646;1903;24325
Ukraine;2020;4867;17660;1540;24622
Ukraine;2021;5515;19245;1542;26974
Ukraine;2022;3884;13927;1121;19435
Ukraine;2023;3954;13747;1229;19356
United Kingdom;1990;6689;18360;2083;29517
United Kingdom;1991;6518;18262;1854;29022
United Kingdom;1992;6918;19900;1553;31077
United Kingdom;1993;7203;20885;1611;32387
United Kingdom;1994;6649;22733;1771;33929
United Kingdom;1995;6563;22753;1667;33743
United Kingdom;1996;6846;24131;1654;35579
United Kingdom;1997;6759;24118;1663;35490
United Kingdom;1998;6651;24064;1554;35422
United Kingdom;1999;6764;24007;1616;35537
United Kingdom;2000;5182;22922;1732;33031
United Kingdom;2001;5183;22862;1644;32893
United Kingdom;2002;5005;21204;1571;30995
United Kingdom;2003;4986;21180;1381;30754
United Kingdom;2004;6186;20731;1274;31224
United Kingdom;2005;6201;20885;1287;31415
United Kingdom;2006;5958;12312;1491;22588
United Kingdom;2007;5947;12159;1397;22332
United Kingdom;2008;6361;10692;1279;21597
United Kingdom;2009;6336;10499;1237;21324
United Kingdom;2010;5680;7466;992;16771
United Kingdom;2011;8203;11604;3029;24427
United Kingdom;2012;6726;10979;704;20243
United Kingdom;2013;4165;10467;789;16601
United Kingdom;2014;7128;12419;959;22848
United Kingdom;2015;6032;11464;658;21446
United Kingdom;2016;5330;9810;348;18250
United Kingdom;2017;5484;9682;434;18525
United Kingdom;2018;4492;10892;132;18129
United Kingdom;2019;6057;9890;226;18993
United Kingdom;2020;5480;7226;388;15023
United Kingdom;2021;5470;7138;336;14794
United Kingdom;2022;5036;8907;330;16983
United Kingdom;2023;5036;8907;330;16983
